class,kind,type,qualifier,severity,line,procedure,procedure_id,file,trace,key,qualifier_tags,hash,bug_id,always_report,advice
PROVER,ERROR,THREAD_SAFETY_VIOLATION,"Read/Write race. Non-private method `in.peerreview.ping.common.webrtc.fork.cameraCapture.CameraCapturer$1.onDone` reads without synchronization from `&this.in.peerreview.ping.common.webrtc.fork.cameraCapture.CameraCapturer$1.this$0.in.peerreview.ping.common.webrtc.fork.cameraCapture.CameraCapturer.mediaRecorderState`. Potentially races with writes in methods `{ void CameraCapturer$1.onDone(CameraSession),
                                            void CameraCapturer$1.onFailure(CameraSession$FailureType,String) }`.
 Reporting because this access may occur on a background thread.",HIGH,38,"void CameraCapturer$1.onDone(CameraSession)","in.peerreview.ping.common.webrtc.fork.cameraCapture.CameraCapturer$1.onDone(in.peerreview.ping.com.a1d631b67a1f95ffa7d55bdeb373f3e2",app/src/main/java/in/co/dipankar/ping/common/webrtc/fork/cameraCapture/CameraCapturer.java,"{""trace"":[{""level"":0,""filename"":""app/src/main/java/in/co/dipankar/ping/common/webrtc/fork/cameraCapture/CameraCapturer.java"",""line_number"":38,""column_number"":-1,""description"":""<Read trace>"",""node_tags"":[]},{""level"":0,""filename"":""app/src/main/java/in/co/dipankar/ping/common/webrtc/fork/cameraCapture/CameraCapturer.java"",""line_number"":38,""column_number"":-1,""description"":""access to `&this.in.peerreview.ping.common.webrtc.fork.cameraCapture.CameraCapturer$1.this$0.in.peerreview.ping.common.webrtc.fork.cameraCapture.CameraCapturer.mediaRecorderState`"",""node_tags"":[]},{""level"":0,""filename"":""app/src/main/java/in/co/dipankar/ping/common/webrtc/fork/cameraCapture/CameraCapturer.java"",""line_number"":110,""column_number"":-1,""description"":""<Write trace>"",""node_tags"":[]},{""level"":0,""filename"":""app/src/main/java/in/co/dipankar/ping/common/webrtc/fork/cameraCapture/CameraCapturer.java"",""line_number"":110,""column_number"":-1,""description"":""access to `&this.in.peerreview.ping.common.webrtc.fork.cameraCapture.CameraCapturer$1.this$0.in.peerreview.ping.common.webrtc.fork.cameraCapture.CameraCapturer.mediaRecorderState`"",""node_tags"":[]}]}","173877444","<qualifier_tags></qualifier_tags>","138680517","1","false",""
PROVER,ERROR,THREAD_SAFETY_VIOLATION,"Read/Write race. Non-private method `in.peerreview.ping.common.webrtc.fork.cameraCapture.CameraCapturer$1.onDone` reads without synchronization from `&this.in.peerreview.ping.common.webrtc.fork.cameraCapture.CameraCapturer$1.this$0.in.peerreview.ping.common.webrtc.fork.cameraCapture.CameraCapturer.switchState`. Potentially races with writes in methods `{ void CameraCapturer$1.onDone(CameraSession),
                                            void CameraCapturer$1.onFailure(CameraSession$FailureType,String) }`.
 Reporting because this access may occur on a background thread.",HIGH,36,"void CameraCapturer$1.onDone(CameraSession)","in.peerreview.ping.common.webrtc.fork.cameraCapture.CameraCapturer$1.onDone(in.peerreview.ping.com.a1d631b67a1f95ffa7d55bdeb373f3e2",app/src/main/java/in/co/dipankar/ping/common/webrtc/fork/cameraCapture/CameraCapturer.java,"{""trace"":[{""level"":0,""filename"":""app/src/main/java/in/co/dipankar/ping/common/webrtc/fork/cameraCapture/CameraCapturer.java"",""line_number"":36,""column_number"":-1,""description"":""<Read trace>"",""node_tags"":[]},{""level"":0,""filename"":""app/src/main/java/in/co/dipankar/ping/common/webrtc/fork/cameraCapture/CameraCapturer.java"",""line_number"":36,""column_number"":-1,""description"":""access to `&this.in.peerreview.ping.common.webrtc.fork.cameraCapture.CameraCapturer$1.this$0.in.peerreview.ping.common.webrtc.fork.cameraCapture.CameraCapturer.switchState`"",""node_tags"":[]},{""level"":0,""filename"":""app/src/main/java/in/co/dipankar/ping/common/webrtc/fork/cameraCapture/CameraCapturer.java"",""line_number"":100,""column_number"":-1,""description"":""<Write trace>"",""node_tags"":[]},{""level"":0,""filename"":""app/src/main/java/in/co/dipankar/ping/common/webrtc/fork/cameraCapture/CameraCapturer.java"",""line_number"":100,""column_number"":-1,""description"":""access to `&this.in.peerreview.ping.common.webrtc.fork.cameraCapture.CameraCapturer$1.this$0.in.peerreview.ping.common.webrtc.fork.cameraCapture.CameraCapturer.switchState`"",""node_tags"":[]}]}","173877444","<qualifier_tags></qualifier_tags>","138680517","2","false",""
PROVER,ERROR,THREAD_SAFETY_VIOLATION,"Unprotected write. Non-private method `in.peerreview.ping.common.utils.DataUsesReporter.reset` writes to field `&this.in.peerreview.ping.common.utils.DataUsesReporter.mPrevRX` outside of synchronization.
 Reporting because another access to the same memory occurs on a background thread, although this access may not.",HIGH,51,"void DataUsesReporter.reset()","in.peerreview.ping.common.utils.DataUsesReporter.reset():void.db8fb6d0071bd53763fac8ed6ee5af91",app/src/main/java/in/co/dipankar/ping/common/utils/DataUsesReporter.java,"{""trace"":[{""level"":0,""filename"":""app/src/main/java/in/co/dipankar/ping/common/utils/DataUsesReporter.java"",""line_number"":51,""column_number"":-1,""description"":""<Write on unknown thread>"",""node_tags"":[]},{""level"":0,""filename"":""app/src/main/java/in/co/dipankar/ping/common/utils/DataUsesReporter.java"",""line_number"":51,""column_number"":-1,""description"":""access to `&this.in.peerreview.ping.common.utils.DataUsesReporter.mPrevRX`"",""node_tags"":[]},{""level"":0,""filename"":""app/src/main/java/in/co/dipankar/ping/common/utils/DataUsesReporter.java"",""line_number"":43,""column_number"":-1,""description"":""<Write on background thread>"",""node_tags"":[]},{""level"":0,""filename"":""app/src/main/java/in/co/dipankar/ping/common/utils/DataUsesReporter.java"",""line_number"":43,""column_number"":-1,""description"":""call to void DataUsesReporter.reset()"",""node_tags"":[]},{""level"":1,""filename"":""app/src/main/java/in/co/dipankar/ping/common/utils/DataUsesReporter.java"",""line_number"":51,""column_number"":-1,""description"":""access to `&this.in.peerreview.ping.common.utils.DataUsesReporter.mPrevRX`"",""node_tags"":[]}]}","173877444","<qualifier_tags></qualifier_tags>","294537921","3","false",""
PROVER,ERROR,THREAD_SAFETY_VIOLATION,"Unprotected write. Non-private method `in.peerreview.ping.common.utils.DataUsesReporter.reset` writes to field `&this.in.peerreview.ping.common.utils.DataUsesReporter.mPrevTX` outside of synchronization.
 Reporting because another access to the same memory occurs on a background thread, although this access may not.",HIGH,52,"void DataUsesReporter.reset()","in.peerreview.ping.common.utils.DataUsesReporter.reset():void.db8fb6d0071bd53763fac8ed6ee5af91",app/src/main/java/in/co/dipankar/ping/common/utils/DataUsesReporter.java,"{""trace"":[{""level"":0,""filename"":""app/src/main/java/in/co/dipankar/ping/common/utils/DataUsesReporter.java"",""line_number"":52,""column_number"":-1,""description"":""<Write on unknown thread>"",""node_tags"":[]},{""level"":0,""filename"":""app/src/main/java/in/co/dipankar/ping/common/utils/DataUsesReporter.java"",""line_number"":52,""column_number"":-1,""description"":""access to `&this.in.peerreview.ping.common.utils.DataUsesReporter.mPrevTX`"",""node_tags"":[]},{""level"":0,""filename"":""app/src/main/java/in/co/dipankar/ping/common/utils/DataUsesReporter.java"",""line_number"":43,""column_number"":-1,""description"":""<Write on background thread>"",""node_tags"":[]},{""level"":0,""filename"":""app/src/main/java/in/co/dipankar/ping/common/utils/DataUsesReporter.java"",""line_number"":43,""column_number"":-1,""description"":""call to void DataUsesReporter.reset()"",""node_tags"":[]},{""level"":1,""filename"":""app/src/main/java/in/co/dipankar/ping/common/utils/DataUsesReporter.java"",""line_number"":52,""column_number"":-1,""description"":""access to `&this.in.peerreview.ping.common.utils.DataUsesReporter.mPrevTX`"",""node_tags"":[]}]}","173877444","<qualifier_tags></qualifier_tags>","294537921","4","false",""
PROVER,ERROR,THREAD_SAFETY_VIOLATION,"Unprotected write. Non-private method `in.peerreview.ping.common.utils.DataUsesReporter.reset` writes to field `&this.in.peerreview.ping.common.utils.DataUsesReporter.mStartRX` outside of synchronization.
 Reporting because another access to the same memory occurs on a background thread, although this access may not.",HIGH,49,"void DataUsesReporter.reset()","in.peerreview.ping.common.utils.DataUsesReporter.reset():void.db8fb6d0071bd53763fac8ed6ee5af91",app/src/main/java/in/co/dipankar/ping/common/utils/DataUsesReporter.java,"{""trace"":[{""level"":0,""filename"":""app/src/main/java/in/co/dipankar/ping/common/utils/DataUsesReporter.java"",""line_number"":49,""column_number"":-1,""description"":""<Write on unknown thread>"",""node_tags"":[]},{""level"":0,""filename"":""app/src/main/java/in/co/dipankar/ping/common/utils/DataUsesReporter.java"",""line_number"":49,""column_number"":-1,""description"":""access to `&this.in.peerreview.ping.common.utils.DataUsesReporter.mStartRX`"",""node_tags"":[]},{""level"":0,""filename"":""app/src/main/java/in/co/dipankar/ping/common/utils/DataUsesReporter.java"",""line_number"":43,""column_number"":-1,""description"":""<Write on background thread>"",""node_tags"":[]},{""level"":0,""filename"":""app/src/main/java/in/co/dipankar/ping/common/utils/DataUsesReporter.java"",""line_number"":43,""column_number"":-1,""description"":""call to void DataUsesReporter.reset()"",""node_tags"":[]},{""level"":1,""filename"":""app/src/main/java/in/co/dipankar/ping/common/utils/DataUsesReporter.java"",""line_number"":49,""column_number"":-1,""description"":""access to `&this.in.peerreview.ping.common.utils.DataUsesReporter.mStartRX`"",""node_tags"":[]}]}","173877444","<qualifier_tags></qualifier_tags>","294537921","5","false",""
PROVER,ERROR,THREAD_SAFETY_VIOLATION,"Unprotected write. Non-private method `in.peerreview.ping.common.utils.DataUsesReporter.reset` writes to field `&this.in.peerreview.ping.common.utils.DataUsesReporter.mStartTX` outside of synchronization.
 Reporting because another access to the same memory occurs on a background thread, although this access may not.",HIGH,50,"void DataUsesReporter.reset()","in.peerreview.ping.common.utils.DataUsesReporter.reset():void.db8fb6d0071bd53763fac8ed6ee5af91",app/src/main/java/in/co/dipankar/ping/common/utils/DataUsesReporter.java,"{""trace"":[{""level"":0,""filename"":""app/src/main/java/in/co/dipankar/ping/common/utils/DataUsesReporter.java"",""line_number"":50,""column_number"":-1,""description"":""<Write on unknown thread>"",""node_tags"":[]},{""level"":0,""filename"":""app/src/main/java/in/co/dipankar/ping/common/utils/DataUsesReporter.java"",""line_number"":50,""column_number"":-1,""description"":""access to `&this.in.peerreview.ping.common.utils.DataUsesReporter.mStartTX`"",""node_tags"":[]},{""level"":0,""filename"":""app/src/main/java/in/co/dipankar/ping/common/utils/DataUsesReporter.java"",""line_number"":43,""column_number"":-1,""description"":""<Write on background thread>"",""node_tags"":[]},{""level"":0,""filename"":""app/src/main/java/in/co/dipankar/ping/common/utils/DataUsesReporter.java"",""line_number"":43,""column_number"":-1,""description"":""call to void DataUsesReporter.reset()"",""node_tags"":[]},{""level"":1,""filename"":""app/src/main/java/in/co/dipankar/ping/common/utils/DataUsesReporter.java"",""line_number"":50,""column_number"":-1,""description"":""access to `&this.in.peerreview.ping.common.utils.DataUsesReporter.mStartTX`"",""node_tags"":[]}]}","173877444","<qualifier_tags></qualifier_tags>","294537921","6","false",""
PROVER,ERROR,THREAD_SAFETY_VIOLATION,"Unprotected write. Non-private method `in.peerreview.ping.common.utils.DataUsesReporter.reset` writes to field `&this.in.peerreview.ping.common.utils.DataUsesReporter.mTime` outside of synchronization.
 Reporting because another access to the same memory occurs on a background thread, although this access may not.",HIGH,48,"void DataUsesReporter.reset()","in.peerreview.ping.common.utils.DataUsesReporter.reset():void.db8fb6d0071bd53763fac8ed6ee5af91",app/src/main/java/in/co/dipankar/ping/common/utils/DataUsesReporter.java,"{""trace"":[{""level"":0,""filename"":""app/src/main/java/in/co/dipankar/ping/common/utils/DataUsesReporter.java"",""line_number"":48,""column_number"":-1,""description"":""<Write on unknown thread>"",""node_tags"":[]},{""level"":0,""filename"":""app/src/main/java/in/co/dipankar/ping/common/utils/DataUsesReporter.java"",""line_number"":48,""column_number"":-1,""description"":""access to `&this.in.peerreview.ping.common.utils.DataUsesReporter.mTime`"",""node_tags"":[]},{""level"":0,""filename"":""app/src/main/java/in/co/dipankar/ping/common/utils/DataUsesReporter.java"",""line_number"":43,""column_number"":-1,""description"":""<Write on background thread>"",""node_tags"":[]},{""level"":0,""filename"":""app/src/main/java/in/co/dipankar/ping/common/utils/DataUsesReporter.java"",""line_number"":43,""column_number"":-1,""description"":""call to void DataUsesReporter.reset()"",""node_tags"":[]},{""level"":1,""filename"":""app/src/main/java/in/co/dipankar/ping/common/utils/DataUsesReporter.java"",""line_number"":48,""column_number"":-1,""description"":""access to `&this.in.peerreview.ping.common.utils.DataUsesReporter.mTime`"",""node_tags"":[]}]}","173877444","<qualifier_tags></qualifier_tags>","294537921","7","false",""
PROVER,ERROR,THREAD_SAFETY_VIOLATION,"Read/Write race. Non-private method `in.peerreview.ping.common.utils.DataUsesReporter.stop` reads without synchronization from `&this.in.peerreview.ping.common.utils.DataUsesReporter.mStartRX`. Potentially races with writes in method `void DataUsesReporter.start()`.
 Reporting because another access to the same memory occurs on a background thread, although this access may not.",HIGH,56,"void DataUsesReporter.stop()","in.peerreview.ping.common.utils.DataUsesReporter.stop():void.2529184a46adeced10c91cc60907fe92",app/src/main/java/in/co/dipankar/ping/common/utils/DataUsesReporter.java,"{""trace"":[{""level"":0,""filename"":""app/src/main/java/in/co/dipankar/ping/common/utils/DataUsesReporter.java"",""line_number"":56,""column_number"":-1,""description"":""<Read trace>"",""node_tags"":[]},{""level"":0,""filename"":""app/src/main/java/in/co/dipankar/ping/common/utils/DataUsesReporter.java"",""line_number"":56,""column_number"":-1,""description"":""access to `&this.in.peerreview.ping.common.utils.DataUsesReporter.mStartRX`"",""node_tags"":[]},{""level"":0,""filename"":""app/src/main/java/in/co/dipankar/ping/common/utils/DataUsesReporter.java"",""line_number"":43,""column_number"":-1,""description"":""<Write trace>"",""node_tags"":[]},{""level"":0,""filename"":""app/src/main/java/in/co/dipankar/ping/common/utils/DataUsesReporter.java"",""line_number"":43,""column_number"":-1,""description"":""call to void DataUsesReporter.reset()"",""node_tags"":[]},{""level"":1,""filename"":""app/src/main/java/in/co/dipankar/ping/common/utils/DataUsesReporter.java"",""line_number"":49,""column_number"":-1,""description"":""access to `&this.in.peerreview.ping.common.utils.DataUsesReporter.mStartRX`"",""node_tags"":[]}]}","173877444","<qualifier_tags></qualifier_tags>","675175857","8","false",""
PROVER,ERROR,THREAD_SAFETY_VIOLATION,"Read/Write race. Non-private method `in.peerreview.ping.common.utils.DataUsesReporter.stop` reads without synchronization from `&this.in.peerreview.ping.common.utils.DataUsesReporter.mStartTX`. Potentially races with writes in method `void DataUsesReporter.start()`.
 Reporting because another access to the same memory occurs on a background thread, although this access may not.",HIGH,57,"void DataUsesReporter.stop()","in.peerreview.ping.common.utils.DataUsesReporter.stop():void.2529184a46adeced10c91cc60907fe92",app/src/main/java/in/co/dipankar/ping/common/utils/DataUsesReporter.java,"{""trace"":[{""level"":0,""filename"":""app/src/main/java/in/co/dipankar/ping/common/utils/DataUsesReporter.java"",""line_number"":57,""column_number"":-1,""description"":""<Read trace>"",""node_tags"":[]},{""level"":0,""filename"":""app/src/main/java/in/co/dipankar/ping/common/utils/DataUsesReporter.java"",""line_number"":57,""column_number"":-1,""description"":""access to `&this.in.peerreview.ping.common.utils.DataUsesReporter.mStartTX`"",""node_tags"":[]},{""level"":0,""filename"":""app/src/main/java/in/co/dipankar/ping/common/utils/DataUsesReporter.java"",""line_number"":43,""column_number"":-1,""description"":""<Write trace>"",""node_tags"":[]},{""level"":0,""filename"":""app/src/main/java/in/co/dipankar/ping/common/utils/DataUsesReporter.java"",""line_number"":43,""column_number"":-1,""description"":""call to void DataUsesReporter.reset()"",""node_tags"":[]},{""level"":1,""filename"":""app/src/main/java/in/co/dipankar/ping/common/utils/DataUsesReporter.java"",""line_number"":50,""column_number"":-1,""description"":""access to `&this.in.peerreview.ping.common.utils.DataUsesReporter.mStartTX`"",""node_tags"":[]}]}","173877444","<qualifier_tags></qualifier_tags>","675175857","9","false",""
PROVER,ERROR,THREAD_SAFETY_VIOLATION,"Read/Write race. Non-private method `in.peerreview.ping.common.utils.DataUsesReporter.stop` reads without synchronization from `&this.in.peerreview.ping.common.utils.DataUsesReporter.mTime`. Potentially races with writes in method `void DataUsesReporter.start()`.
 Reporting because another access to the same memory occurs on a background thread, although this access may not.",HIGH,60,"void DataUsesReporter.stop()","in.peerreview.ping.common.utils.DataUsesReporter.stop():void.2529184a46adeced10c91cc60907fe92",app/src/main/java/in/co/dipankar/ping/common/utils/DataUsesReporter.java,"{""trace"":[{""level"":0,""filename"":""app/src/main/java/in/co/dipankar/ping/common/utils/DataUsesReporter.java"",""line_number"":60,""column_number"":-1,""description"":""<Read trace>"",""node_tags"":[]},{""level"":0,""filename"":""app/src/main/java/in/co/dipankar/ping/common/utils/DataUsesReporter.java"",""line_number"":60,""column_number"":-1,""description"":""access to `&this.in.peerreview.ping.common.utils.DataUsesReporter.mTime`"",""node_tags"":[]},{""level"":0,""filename"":""app/src/main/java/in/co/dipankar/ping/common/utils/DataUsesReporter.java"",""line_number"":43,""column_number"":-1,""description"":""<Write trace>"",""node_tags"":[]},{""level"":0,""filename"":""app/src/main/java/in/co/dipankar/ping/common/utils/DataUsesReporter.java"",""line_number"":43,""column_number"":-1,""description"":""call to void DataUsesReporter.reset()"",""node_tags"":[]},{""level"":1,""filename"":""app/src/main/java/in/co/dipankar/ping/common/utils/DataUsesReporter.java"",""line_number"":48,""column_number"":-1,""description"":""access to `&this.in.peerreview.ping.common.utils.DataUsesReporter.mTime`"",""node_tags"":[]}]}","173877444","<qualifier_tags></qualifier_tags>","675175857","10","false",""
PROVER,ERROR,THREAD_SAFETY_VIOLATION,"Unprotected write. Non-private method `in.peerreview.ping.common.utils.DataUsesReporter.stop` writes to field `&this.in.peerreview.ping.common.utils.DataUsesReporter.mStart` outside of synchronization.
 Reporting because another access to the same memory occurs on a background thread, although this access may not.",HIGH,62,"void DataUsesReporter.stop()","in.peerreview.ping.common.utils.DataUsesReporter.stop():void.2529184a46adeced10c91cc60907fe92",app/src/main/java/in/co/dipankar/ping/common/utils/DataUsesReporter.java,"{""trace"":[{""level"":0,""filename"":""app/src/main/java/in/co/dipankar/ping/common/utils/DataUsesReporter.java"",""line_number"":62,""column_number"":-1,""description"":""<Write on unknown thread>"",""node_tags"":[]},{""level"":0,""filename"":""app/src/main/java/in/co/dipankar/ping/common/utils/DataUsesReporter.java"",""line_number"":62,""column_number"":-1,""description"":""access to `&this.in.peerreview.ping.common.utils.DataUsesReporter.mStart`"",""node_tags"":[]},{""level"":0,""filename"":""app/src/main/java/in/co/dipankar/ping/common/utils/DataUsesReporter.java"",""line_number"":42,""column_number"":-1,""description"":""<Write on background thread>"",""node_tags"":[]},{""level"":0,""filename"":""app/src/main/java/in/co/dipankar/ping/common/utils/DataUsesReporter.java"",""line_number"":42,""column_number"":-1,""description"":""access to `&this.in.peerreview.ping.common.utils.DataUsesReporter.mStart`"",""node_tags"":[]}]}","173877444","<qualifier_tags></qualifier_tags>","675175857","11","false",""
PROVER,ERROR,NULL_DEREFERENCE,"object `ScreenCapturerAndroid.mediaProjectionManager` last accessed on line 74 is annotated with @Nullable and is dereferenced without a null check at line 74",HIGH,74,"void ScreenCapturerAndroid.startCapture(int,int,int)","in.peerreview.ping.common.webrtc.fork.screencapture.ScreenCapturerAndroid.startCapture(int,int,int).1c94d567d94834db19ed9b7827fcea41",app/src/main/java/in/co/dipankar/ping/common/webrtc/fork/screencapture/ScreenCapturerAndroid.java,"{""trace"":[{""level"":0,""filename"":""app/src/main/java/in/co/dipankar/ping/common/webrtc/fork/screencapture/ScreenCapturerAndroid.java"",""line_number"":69,""column_number"":-1,""description"":""start of procedure startCapture(...)"",""node_tags"":[{""tag"":""kind"",""value"":""procedure_start""},{""tag"":""name"",""value"":""void ScreenCapturerAndroid.startCapture(int,int,int)""},{""tag"":""name_id"",""value"":""in.peerreview.ping.common.webrtc.fork.screencapture.ScreenCapturerAndroid.startCapture(int,int,int).1c94d567d94834db19ed9b7827fcea41""}]},{""level"":0,""filename"":""app/src/main/java/in/co/dipankar/ping/common/webrtc/fork/screencapture/ScreenCapturerAndroid.java"",""line_number"":70,""column_number"":-1,""description"":"""",""node_tags"":[]},{""level"":1,""filename"":""app/src/main/java/in/co/dipankar/ping/common/webrtc/fork/screencapture/ScreenCapturerAndroid.java"",""line_number"":44,""column_number"":-1,""description"":""start of procedure checkNotDisposed()"",""node_tags"":[{""tag"":""kind"",""value"":""procedure_start""},{""tag"":""name"",""value"":""void ScreenCapturerAndroid.checkNotDisposed()""},{""tag"":""name_id"",""value"":""in.peerreview.ping.common.webrtc.fork.screencapture.ScreenCapturerAndroid.checkNotDisposed():void.895ba00031fc5883d131e21be1ec9b40""}]},{""level"":1,""filename"":""app/src/main/java/in/co/dipankar/ping/common/webrtc/fork/screencapture/ScreenCapturerAndroid.java"",""line_number"":45,""column_number"":-1,""description"":""Taking false branch"",""node_tags"":[{""tag"":""kind"",""value"":""condition""},{""tag"":""branch"",""value"":""false""}]},{""level"":1,""filename"":""app/src/main/java/in/co/dipankar/ping/common/webrtc/fork/screencapture/ScreenCapturerAndroid.java"",""line_number"":48,""column_number"":-1,""description"":""return from a call to void ScreenCapturerAndroid.checkNotDisposed()"",""node_tags"":[{""tag"":""kind"",""value"":""procedure_end""},{""tag"":""name"",""value"":""void ScreenCapturerAndroid.checkNotDisposed()""},{""tag"":""name_id"",""value"":""in.peerreview.ping.common.webrtc.fork.screencapture.ScreenCapturerAndroid.checkNotDisposed():void.895ba00031fc5883d131e21be1ec9b40""}]},{""level"":0,""filename"":""app/src/main/java/in/co/dipankar/ping/common/webrtc/fork/screencapture/ScreenCapturerAndroid.java"",""line_number"":71,""column_number"":-1,""description"":"""",""node_tags"":[]},{""level"":0,""filename"":""app/src/main/java/in/co/dipankar/ping/common/webrtc/fork/screencapture/ScreenCapturerAndroid.java"",""line_number"":72,""column_number"":-1,""description"":"""",""node_tags"":[]},{""level"":0,""filename"":""app/src/main/java/in/co/dipankar/ping/common/webrtc/fork/screencapture/ScreenCapturerAndroid.java"",""line_number"":74,""column_number"":-1,""description"":"""",""node_tags"":[]}]}","881150965","<qualifier_tags><bucket>B1</bucket><line>74</line><accessed_line>74</accessed_line><value>ScreenCapturerAndroid.mediaProjectionManager</value><nullable_src>ScreenCapturerAndroid.mediaProjectionManager</nullable_src></qualifier_tags>","675896116","12","false",""
PROVER,ERROR,NULL_DEREFERENCE,"object `CameraCapturer$1.this$0.eventsHandler` is indirectly marked @Nullable (source: `CameraCapturer.eventsHandler`) and is dereferenced without a null check at line 114",HIGH,114,"void CameraCapturer$1.onFailure(CameraSession$FailureType,String)","in.peerreview.ping.common.webrtc.fork.cameraCapture.CameraCapturer$1.onFailure(in.peerreview.ping..a10e2811e497385ab4c0b13d6f528d91",app/src/main/java/in/co/dipankar/ping/common/webrtc/fork/cameraCapture/CameraCapturer.java,"{""trace"":[{""level"":0,""filename"":""app/src/main/java/in/co/dipankar/ping/common/webrtc/fork/cameraCapture/CameraCapturer.java"",""line_number"":83,""column_number"":-1,""description"":""start of procedure onFailure(...)"",""node_tags"":[{""tag"":""kind"",""value"":""procedure_start""},{""tag"":""name"",""value"":""void CameraCapturer$1.onFailure(CameraSession$FailureType,String)""},{""tag"":""name_id"",""value"":""in.peerreview.ping.common.webrtc.fork.cameraCapture.CameraCapturer$1.onFailure(in.peerreview.ping..a10e2811e497385ab4c0b13d6f528d91""}]},{""level"":0,""filename"":""app/src/main/java/in/co/dipankar/ping/common/webrtc/fork/cameraCapture/CameraCapturer.java"",""line_number"":84,""column_number"":-1,""description"":""Skipping checkIsOnCameraThread(): empty list of specs"",""node_tags"":[]},{""level"":1,""filename"":""app/src/main/java/in/co/dipankar/ping/common/webrtc/fork/cameraCapture/CameraCapturer.java"",""line_number"":554,""column_number"":-1,""description"":""Definition of checkIsOnCameraThread()"",""node_tags"":[]},{""level"":0,""filename"":""app/src/main/java/in/co/dipankar/ping/common/webrtc/fork/cameraCapture/CameraCapturer.java"",""line_number"":85,""column_number"":-1,""description"":"""",""node_tags"":[]},{""level"":0,""filename"":""app/src/main/java/in/co/dipankar/ping/common/webrtc/fork/cameraCapture/CameraCapturer.java"",""line_number"":86,""column_number"":-1,""description"":"""",""node_tags"":[]},{""level"":0,""filename"":""app/src/main/java/in/co/dipankar/ping/common/webrtc/fork/cameraCapture/CameraCapturer.java"",""line_number"":85,""column_number"":-1,""description"":""Skipping removeCallbacks(...): unknown method"",""node_tags"":[]},{""level"":0,""filename"":""app/src/main/java/in/co/dipankar/ping/common/webrtc/fork/cameraCapture/CameraCapturer.java"",""line_number"":87,""column_number"":-1,""description"":"""",""node_tags"":[]},{""level"":0,""filename"":""app/src/main/java/in/co/dipankar/ping/common/webrtc/fork/cameraCapture/CameraCapturer.java"",""line_number"":88,""column_number"":-1,""description"":""Skipping onCapturerStarted(...): unknown method"",""node_tags"":[]},{""level"":0,""filename"":""app/src/main/java/in/co/dipankar/ping/common/webrtc/fork/cameraCapture/CameraCapturer.java"",""line_number"":89,""column_number"":-1,""description"":"""",""node_tags"":[]},{""level"":0,""filename"":""app/src/main/java/in/co/dipankar/ping/common/webrtc/fork/cameraCapture/CameraCapturer.java"",""line_number"":90,""column_number"":-1,""description"":""Taking true branch"",""node_tags"":[{""tag"":""kind"",""value"":""condition""},{""tag"":""branch"",""value"":""true""}]},{""level"":0,""filename"":""app/src/main/java/in/co/dipankar/ping/common/webrtc/fork/cameraCapture/CameraCapturer.java"",""line_number"":91,""column_number"":-1,""description"":""Skipping w(...): unknown method"",""node_tags"":[]},{""level"":0,""filename"":""app/src/main/java/in/co/dipankar/ping/common/webrtc/fork/cameraCapture/CameraCapturer.java"",""line_number"":92,""column_number"":-1,""description"":"""",""node_tags"":[]},{""level"":0,""filename"":""app/src/main/java/in/co/dipankar/ping/common/webrtc/fork/cameraCapture/CameraCapturer.java"",""line_number"":93,""column_number"":-1,""description"":""Skipping notifyAll(): unknown method"",""node_tags"":[]},{""level"":0,""filename"":""app/src/main/java/in/co/dipankar/ping/common/webrtc/fork/cameraCapture/CameraCapturer.java"",""line_number"":94,""column_number"":-1,""description"":""Taking false branch"",""node_tags"":[{""tag"":""kind"",""value"":""condition""},{""tag"":""branch"",""value"":""false""}]},{""level"":0,""filename"":""app/src/main/java/in/co/dipankar/ping/common/webrtc/fork/cameraCapture/CameraCapturer.java"",""line_number"":103,""column_number"":-1,""description"":""Taking false branch"",""node_tags"":[{""tag"":""kind"",""value"":""condition""},{""tag"":""branch"",""value"":""false""}]},{""level"":0,""filename"":""app/src/main/java/in/co/dipankar/ping/common/webrtc/fork/cameraCapture/CameraCapturer.java"",""line_number"":113,""column_number"":-1,""description"":""Taking true branch"",""node_tags"":[{""tag"":""kind"",""value"":""condition""},{""tag"":""branch"",""value"":""true""}]},{""level"":0,""filename"":""app/src/main/java/in/co/dipankar/ping/common/webrtc/fork/cameraCapture/CameraCapturer.java"",""line_number"":114,""column_number"":-1,""description"":"""",""node_tags"":[]}]}","688673225","<qualifier_tags><bucket>B1</bucket><line>114</line><value>CameraCapturer$1.this$0.eventsHandler</value><nullable_src>CameraCapturer.eventsHandler</nullable_src></qualifier_tags>","1034434006","13","false",""
PROVER,ERROR,NULL_DEREFERENCE,"object `CameraCapturer$1.this$0.eventsHandler` is indirectly marked @Nullable (source: `CameraCapturer.eventsHandler`) and is dereferenced without a null check at line 116",HIGH,116,"void CameraCapturer$1.onFailure(CameraSession$FailureType,String)","in.peerreview.ping.common.webrtc.fork.cameraCapture.CameraCapturer$1.onFailure(in.peerreview.ping..a10e2811e497385ab4c0b13d6f528d91",app/src/main/java/in/co/dipankar/ping/common/webrtc/fork/cameraCapture/CameraCapturer.java,"{""trace"":[{""level"":0,""filename"":""app/src/main/java/in/co/dipankar/ping/common/webrtc/fork/cameraCapture/CameraCapturer.java"",""line_number"":83,""column_number"":-1,""description"":""start of procedure onFailure(...)"",""node_tags"":[{""tag"":""kind"",""value"":""procedure_start""},{""tag"":""name"",""value"":""void CameraCapturer$1.onFailure(CameraSession$FailureType,String)""},{""tag"":""name_id"",""value"":""in.peerreview.ping.common.webrtc.fork.cameraCapture.CameraCapturer$1.onFailure(in.peerreview.ping..a10e2811e497385ab4c0b13d6f528d91""}]},{""level"":0,""filename"":""app/src/main/java/in/co/dipankar/ping/common/webrtc/fork/cameraCapture/CameraCapturer.java"",""line_number"":84,""column_number"":-1,""description"":""Skipping checkIsOnCameraThread(): empty list of specs"",""node_tags"":[]},{""level"":1,""filename"":""app/src/main/java/in/co/dipankar/ping/common/webrtc/fork/cameraCapture/CameraCapturer.java"",""line_number"":554,""column_number"":-1,""description"":""Definition of checkIsOnCameraThread()"",""node_tags"":[]},{""level"":0,""filename"":""app/src/main/java/in/co/dipankar/ping/common/webrtc/fork/cameraCapture/CameraCapturer.java"",""line_number"":85,""column_number"":-1,""description"":"""",""node_tags"":[]},{""level"":0,""filename"":""app/src/main/java/in/co/dipankar/ping/common/webrtc/fork/cameraCapture/CameraCapturer.java"",""line_number"":86,""column_number"":-1,""description"":"""",""node_tags"":[]},{""level"":0,""filename"":""app/src/main/java/in/co/dipankar/ping/common/webrtc/fork/cameraCapture/CameraCapturer.java"",""line_number"":85,""column_number"":-1,""description"":""Skipping removeCallbacks(...): unknown method"",""node_tags"":[]},{""level"":0,""filename"":""app/src/main/java/in/co/dipankar/ping/common/webrtc/fork/cameraCapture/CameraCapturer.java"",""line_number"":87,""column_number"":-1,""description"":"""",""node_tags"":[]},{""level"":0,""filename"":""app/src/main/java/in/co/dipankar/ping/common/webrtc/fork/cameraCapture/CameraCapturer.java"",""line_number"":88,""column_number"":-1,""description"":""Skipping onCapturerStarted(...): unknown method"",""node_tags"":[]},{""level"":0,""filename"":""app/src/main/java/in/co/dipankar/ping/common/webrtc/fork/cameraCapture/CameraCapturer.java"",""line_number"":89,""column_number"":-1,""description"":"""",""node_tags"":[]},{""level"":0,""filename"":""app/src/main/java/in/co/dipankar/ping/common/webrtc/fork/cameraCapture/CameraCapturer.java"",""line_number"":90,""column_number"":-1,""description"":""Taking true branch"",""node_tags"":[{""tag"":""kind"",""value"":""condition""},{""tag"":""branch"",""value"":""true""}]},{""level"":0,""filename"":""app/src/main/java/in/co/dipankar/ping/common/webrtc/fork/cameraCapture/CameraCapturer.java"",""line_number"":91,""column_number"":-1,""description"":""Skipping w(...): unknown method"",""node_tags"":[]},{""level"":0,""filename"":""app/src/main/java/in/co/dipankar/ping/common/webrtc/fork/cameraCapture/CameraCapturer.java"",""line_number"":92,""column_number"":-1,""description"":"""",""node_tags"":[]},{""level"":0,""filename"":""app/src/main/java/in/co/dipankar/ping/common/webrtc/fork/cameraCapture/CameraCapturer.java"",""line_number"":93,""column_number"":-1,""description"":""Skipping notifyAll(): unknown method"",""node_tags"":[]},{""level"":0,""filename"":""app/src/main/java/in/co/dipankar/ping/common/webrtc/fork/cameraCapture/CameraCapturer.java"",""line_number"":94,""column_number"":-1,""description"":""Taking false branch"",""node_tags"":[{""tag"":""kind"",""value"":""condition""},{""tag"":""branch"",""value"":""false""}]},{""level"":0,""filename"":""app/src/main/java/in/co/dipankar/ping/common/webrtc/fork/cameraCapture/CameraCapturer.java"",""line_number"":103,""column_number"":-1,""description"":""Taking false branch"",""node_tags"":[{""tag"":""kind"",""value"":""condition""},{""tag"":""branch"",""value"":""false""}]},{""level"":0,""filename"":""app/src/main/java/in/co/dipankar/ping/common/webrtc/fork/cameraCapture/CameraCapturer.java"",""line_number"":113,""column_number"":-1,""description"":""Taking false branch"",""node_tags"":[{""tag"":""kind"",""value"":""condition""},{""tag"":""branch"",""value"":""false""}]},{""level"":0,""filename"":""app/src/main/java/in/co/dipankar/ping/common/webrtc/fork/cameraCapture/CameraCapturer.java"",""line_number"":116,""column_number"":-1,""description"":"""",""node_tags"":[]}]}","1067288195","<qualifier_tags><bucket>B1</bucket><line>116</line><value>CameraCapturer$1.this$0.eventsHandler</value><nullable_src>CameraCapturer.eventsHandler</nullable_src></qualifier_tags>","8616552","14","false",""
PROVER,ERROR,NULL_DEREFERENCE,"object `ScreenCapturerAndroid.surfaceTextureHelper` last accessed on line 86 is annotated with @Nullable and is dereferenced without a null check at line 86",HIGH,86,"void ScreenCapturerAndroid.stopCapture()","in.peerreview.ping.common.webrtc.fork.screencapture.ScreenCapturerAndroid.stopCapture():void.966eb2ec064b991e5a7da90fd2556ca8",app/src/main/java/in/co/dipankar/ping/common/webrtc/fork/screencapture/ScreenCapturerAndroid.java,"{""trace"":[{""level"":0,""filename"":""app/src/main/java/in/co/dipankar/ping/common/webrtc/fork/screencapture/ScreenCapturerAndroid.java"",""line_number"":83,""column_number"":-1,""description"":""start of procedure stopCapture()"",""node_tags"":[{""tag"":""kind"",""value"":""procedure_start""},{""tag"":""name"",""value"":""void ScreenCapturerAndroid.stopCapture()""},{""tag"":""name_id"",""value"":""in.peerreview.ping.common.webrtc.fork.screencapture.ScreenCapturerAndroid.stopCapture():void.966eb2ec064b991e5a7da90fd2556ca8""}]},{""level"":0,""filename"":""app/src/main/java/in/co/dipankar/ping/common/webrtc/fork/screencapture/ScreenCapturerAndroid.java"",""line_number"":84,""column_number"":-1,""description"":"""",""node_tags"":[]},{""level"":1,""filename"":""app/src/main/java/in/co/dipankar/ping/common/webrtc/fork/screencapture/ScreenCapturerAndroid.java"",""line_number"":44,""column_number"":-1,""description"":""start of procedure checkNotDisposed()"",""node_tags"":[{""tag"":""kind"",""value"":""procedure_start""},{""tag"":""name"",""value"":""void ScreenCapturerAndroid.checkNotDisposed()""},{""tag"":""name_id"",""value"":""in.peerreview.ping.common.webrtc.fork.screencapture.ScreenCapturerAndroid.checkNotDisposed():void.895ba00031fc5883d131e21be1ec9b40""}]},{""level"":1,""filename"":""app/src/main/java/in/co/dipankar/ping/common/webrtc/fork/screencapture/ScreenCapturerAndroid.java"",""line_number"":45,""column_number"":-1,""description"":""Taking false branch"",""node_tags"":[{""tag"":""kind"",""value"":""condition""},{""tag"":""branch"",""value"":""false""}]},{""level"":1,""filename"":""app/src/main/java/in/co/dipankar/ping/common/webrtc/fork/screencapture/ScreenCapturerAndroid.java"",""line_number"":48,""column_number"":-1,""description"":""return from a call to void ScreenCapturerAndroid.checkNotDisposed()"",""node_tags"":[{""tag"":""kind"",""value"":""procedure_end""},{""tag"":""name"",""value"":""void ScreenCapturerAndroid.checkNotDisposed()""},{""tag"":""name_id"",""value"":""in.peerreview.ping.common.webrtc.fork.screencapture.ScreenCapturerAndroid.checkNotDisposed():void.895ba00031fc5883d131e21be1ec9b40""}]},{""level"":0,""filename"":""app/src/main/java/in/co/dipankar/ping/common/webrtc/fork/screencapture/ScreenCapturerAndroid.java"",""line_number"":86,""column_number"":-1,""description"":"""",""node_tags"":[]}]}","134790171","<qualifier_tags><bucket>B1</bucket><line>86</line><accessed_line>86</accessed_line><value>ScreenCapturerAndroid.surfaceTextureHelper</value><nullable_src>ScreenCapturerAndroid.surfaceTextureHelper</nullable_src></qualifier_tags>","95438929","15","false",""
PROVER,ERROR,NULL_DEREFERENCE,"object `ScreenCapturerAndroid$1.this$0.surfaceTextureHelper` last accessed on line 89 is indirectly marked @Nullable (source: `ScreenCapturerAndroid.surfaceTextureHelper`) and is dereferenced without a null check at line 89",HIGH,89,"void ScreenCapturerAndroid$1.run()","in.peerreview.ping.common.webrtc.fork.screencapture.ScreenCapturerAndroid$1.run():void.2630ac40676083feec02d99c243c8d3d",app/src/main/java/in/co/dipankar/ping/common/webrtc/fork/screencapture/ScreenCapturerAndroid.java,"{""trace"":[{""level"":0,""filename"":""app/src/main/java/in/co/dipankar/ping/common/webrtc/fork/screencapture/ScreenCapturerAndroid.java"",""line_number"":88,""column_number"":-1,""description"":""start of procedure run()"",""node_tags"":[{""tag"":""kind"",""value"":""procedure_start""},{""tag"":""name"",""value"":""void ScreenCapturerAndroid$1.run()""},{""tag"":""name_id"",""value"":""in.peerreview.ping.common.webrtc.fork.screencapture.ScreenCapturerAndroid$1.run():void.2630ac40676083feec02d99c243c8d3d""}]},{""level"":0,""filename"":""app/src/main/java/in/co/dipankar/ping/common/webrtc/fork/screencapture/ScreenCapturerAndroid.java"",""line_number"":89,""column_number"":-1,""description"":"""",""node_tags"":[]}]}","1052680368","<qualifier_tags><bucket>B1</bucket><line>89</line><accessed_line>89</accessed_line><value>ScreenCapturerAndroid$1.this$0.surfaceTextureHelper</value><nullable_src>ScreenCapturerAndroid.surfaceTextureHelper</nullable_src></qualifier_tags>","130597851","16","false",""
PROVER,ERROR,NULL_DEREFERENCE,"object `ScreenCapturerAndroid.surfaceTextureHelper` last accessed on line 115 is annotated with @Nullable and is dereferenced without a null check at line 115",HIGH,115,"void ScreenCapturerAndroid.changeCaptureFormat(int,int,int)","in.peerreview.ping.common.webrtc.fork.screencapture.ScreenCapturerAndroid.changeCaptureFormat(int,i.5d196319ab9d68b59cf1dde938767519",app/src/main/java/in/co/dipankar/ping/common/webrtc/fork/screencapture/ScreenCapturerAndroid.java,"{""trace"":[{""level"":0,""filename"":""app/src/main/java/in/co/dipankar/ping/common/webrtc/fork/screencapture/ScreenCapturerAndroid.java"",""line_number"":109,""column_number"":-1,""description"":""start of procedure changeCaptureFormat(...)"",""node_tags"":[{""tag"":""kind"",""value"":""procedure_start""},{""tag"":""name"",""value"":""void ScreenCapturerAndroid.changeCaptureFormat(int,int,int)""},{""tag"":""name_id"",""value"":""in.peerreview.ping.common.webrtc.fork.screencapture.ScreenCapturerAndroid.changeCaptureFormat(int,i.5d196319ab9d68b59cf1dde938767519""}]},{""level"":0,""filename"":""app/src/main/java/in/co/dipankar/ping/common/webrtc/fork/screencapture/ScreenCapturerAndroid.java"",""line_number"":110,""column_number"":-1,""description"":"""",""node_tags"":[]},{""level"":1,""filename"":""app/src/main/java/in/co/dipankar/ping/common/webrtc/fork/screencapture/ScreenCapturerAndroid.java"",""line_number"":44,""column_number"":-1,""description"":""start of procedure checkNotDisposed()"",""node_tags"":[{""tag"":""kind"",""value"":""procedure_start""},{""tag"":""name"",""value"":""void ScreenCapturerAndroid.checkNotDisposed()""},{""tag"":""name_id"",""value"":""in.peerreview.ping.common.webrtc.fork.screencapture.ScreenCapturerAndroid.checkNotDisposed():void.895ba00031fc5883d131e21be1ec9b40""}]},{""level"":1,""filename"":""app/src/main/java/in/co/dipankar/ping/common/webrtc/fork/screencapture/ScreenCapturerAndroid.java"",""line_number"":45,""column_number"":-1,""description"":""Taking false branch"",""node_tags"":[{""tag"":""kind"",""value"":""condition""},{""tag"":""branch"",""value"":""false""}]},{""level"":1,""filename"":""app/src/main/java/in/co/dipankar/ping/common/webrtc/fork/screencapture/ScreenCapturerAndroid.java"",""line_number"":48,""column_number"":-1,""description"":""return from a call to void ScreenCapturerAndroid.checkNotDisposed()"",""node_tags"":[{""tag"":""kind"",""value"":""procedure_end""},{""tag"":""name"",""value"":""void ScreenCapturerAndroid.checkNotDisposed()""},{""tag"":""name_id"",""value"":""in.peerreview.ping.common.webrtc.fork.screencapture.ScreenCapturerAndroid.checkNotDisposed():void.895ba00031fc5883d131e21be1ec9b40""}]},{""level"":0,""filename"":""app/src/main/java/in/co/dipankar/ping/common/webrtc/fork/screencapture/ScreenCapturerAndroid.java"",""line_number"":111,""column_number"":-1,""description"":"""",""node_tags"":[]},{""level"":0,""filename"":""app/src/main/java/in/co/dipankar/ping/common/webrtc/fork/screencapture/ScreenCapturerAndroid.java"",""line_number"":112,""column_number"":-1,""description"":"""",""node_tags"":[]},{""level"":0,""filename"":""app/src/main/java/in/co/dipankar/ping/common/webrtc/fork/screencapture/ScreenCapturerAndroid.java"",""line_number"":113,""column_number"":-1,""description"":""Taking true branch"",""node_tags"":[{""tag"":""kind"",""value"":""condition""},{""tag"":""branch"",""value"":""true""}]},{""level"":0,""filename"":""app/src/main/java/in/co/dipankar/ping/common/webrtc/fork/screencapture/ScreenCapturerAndroid.java"",""line_number"":115,""column_number"":-1,""description"":"""",""node_tags"":[]}]}","818160632","<qualifier_tags><bucket>B1</bucket><line>115</line><accessed_line>115</accessed_line><value>ScreenCapturerAndroid.surfaceTextureHelper</value><nullable_src>ScreenCapturerAndroid.surfaceTextureHelper</nullable_src></qualifier_tags>","224359808","17","false",""
PROVER,ERROR,NULL_DEREFERENCE,"object `ScreenCapturerAndroid$2.this$0.virtualDisplay` last accessed on line 118 is indirectly marked @Nullable (source: `ScreenCapturerAndroid.virtualDisplay`) and is dereferenced without a null check at line 118",HIGH,118,"void ScreenCapturerAndroid$2.run()","in.peerreview.ping.common.webrtc.fork.screencapture.ScreenCapturerAndroid$2.run():void.7a90e085302355bfef48bedd294ed873",app/src/main/java/in/co/dipankar/ping/common/webrtc/fork/screencapture/ScreenCapturerAndroid.java,"{""trace"":[{""level"":0,""filename"":""app/src/main/java/in/co/dipankar/ping/common/webrtc/fork/screencapture/ScreenCapturerAndroid.java"",""line_number"":117,""column_number"":-1,""description"":""start of procedure run()"",""node_tags"":[{""tag"":""kind"",""value"":""procedure_start""},{""tag"":""name"",""value"":""void ScreenCapturerAndroid$2.run()""},{""tag"":""name_id"",""value"":""in.peerreview.ping.common.webrtc.fork.screencapture.ScreenCapturerAndroid$2.run():void.7a90e085302355bfef48bedd294ed873""}]},{""level"":0,""filename"":""app/src/main/java/in/co/dipankar/ping/common/webrtc/fork/screencapture/ScreenCapturerAndroid.java"",""line_number"":118,""column_number"":-1,""description"":"""",""node_tags"":[]}]}","1052680368","<qualifier_tags><bucket>B1</bucket><line>118</line><accessed_line>118</accessed_line><value>ScreenCapturerAndroid$2.this$0.virtualDisplay</value><nullable_src>ScreenCapturerAndroid.virtualDisplay</nullable_src></qualifier_tags>","799967373","18","false",""
PROVER,ERROR,NULL_DEREFERENCE,"object `ScreenCapturerAndroid.surfaceTextureHelper` last accessed on line 126 is annotated with @Nullable and is dereferenced without a null check at line 126",HIGH,126,"void ScreenCapturerAndroid.createVirtualDisplay()","in.peerreview.ping.common.webrtc.fork.screencapture.ScreenCapturerAndroid.createVirtualDisplay():vo.15e3887e0383f878f21e153ce2edddd1",app/src/main/java/in/co/dipankar/ping/common/webrtc/fork/screencapture/ScreenCapturerAndroid.java,"{""trace"":[{""level"":0,""filename"":""app/src/main/java/in/co/dipankar/ping/common/webrtc/fork/screencapture/ScreenCapturerAndroid.java"",""line_number"":125,""column_number"":-1,""description"":""start of procedure createVirtualDisplay()"",""node_tags"":[{""tag"":""kind"",""value"":""procedure_start""},{""tag"":""name"",""value"":""void ScreenCapturerAndroid.createVirtualDisplay()""},{""tag"":""name_id"",""value"":""in.peerreview.ping.common.webrtc.fork.screencapture.ScreenCapturerAndroid.createVirtualDisplay():vo.15e3887e0383f878f21e153ce2edddd1""}]},{""level"":0,""filename"":""app/src/main/java/in/co/dipankar/ping/common/webrtc/fork/screencapture/ScreenCapturerAndroid.java"",""line_number"":126,""column_number"":-1,""description"":"""",""node_tags"":[]}]}","812977143","<qualifier_tags><bucket>B1</bucket><line>126</line><accessed_line>126</accessed_line><value>ScreenCapturerAndroid.surfaceTextureHelper</value><nullable_src>ScreenCapturerAndroid.surfaceTextureHelper</nullable_src></qualifier_tags>","599335079","19","false",""
PROVER,ERROR,NULL_DEREFERENCE,"object `CameraCapturer$2.this$0.eventsHandler` is indirectly marked @Nullable (source: `CameraCapturer.eventsHandler`) and is dereferenced without a null check at line 135",HIGH,135,"void CameraCapturer$2.onCameraOpening()","in.peerreview.ping.common.webrtc.fork.cameraCapture.CameraCapturer$2.onCameraOpening():void.3704274b7e77fb37e7c460d613ecd148",app/src/main/java/in/co/dipankar/ping/common/webrtc/fork/cameraCapture/CameraCapturer.java,"{""trace"":[{""level"":0,""filename"":""app/src/main/java/in/co/dipankar/ping/common/webrtc/fork/cameraCapture/CameraCapturer.java"",""line_number"":129,""column_number"":-1,""description"":""start of procedure onCameraOpening()"",""node_tags"":[{""tag"":""kind"",""value"":""procedure_start""},{""tag"":""name"",""value"":""void CameraCapturer$2.onCameraOpening()""},{""tag"":""name_id"",""value"":""in.peerreview.ping.common.webrtc.fork.cameraCapture.CameraCapturer$2.onCameraOpening():void.3704274b7e77fb37e7c460d613ecd148""}]},{""level"":0,""filename"":""app/src/main/java/in/co/dipankar/ping/common/webrtc/fork/cameraCapture/CameraCapturer.java"",""line_number"":130,""column_number"":-1,""description"":""Skipping checkIsOnCameraThread(): empty list of specs"",""node_tags"":[]},{""level"":1,""filename"":""app/src/main/java/in/co/dipankar/ping/common/webrtc/fork/cameraCapture/CameraCapturer.java"",""line_number"":554,""column_number"":-1,""description"":""Definition of checkIsOnCameraThread()"",""node_tags"":[]},{""level"":0,""filename"":""app/src/main/java/in/co/dipankar/ping/common/webrtc/fork/cameraCapture/CameraCapturer.java"",""line_number"":131,""column_number"":-1,""description"":"""",""node_tags"":[]},{""level"":0,""filename"":""app/src/main/java/in/co/dipankar/ping/common/webrtc/fork/cameraCapture/CameraCapturer.java"",""line_number"":132,""column_number"":-1,""description"":""Taking false branch"",""node_tags"":[{""tag"":""kind"",""value"":""condition""},{""tag"":""branch"",""value"":""false""}]},{""level"":0,""filename"":""app/src/main/java/in/co/dipankar/ping/common/webrtc/fork/cameraCapture/CameraCapturer.java"",""line_number"":135,""column_number"":-1,""description"":"""",""node_tags"":[]}]}","1067288195","<qualifier_tags><bucket>B1</bucket><line>135</line><value>CameraCapturer$2.this$0.eventsHandler</value><nullable_src>CameraCapturer.eventsHandler</nullable_src></qualifier_tags>","1033479920","20","false",""
PROVER,ERROR,NULL_DEREFERENCE,"object `ScreenCapturerAndroid.surfaceTextureHelper` last accessed on line 145 is annotated with @Nullable and is dereferenced without a null check at line 142",HIGH,142,"void ScreenCapturerAndroid.onTextureFrameAvailable(int,float[],long)","in.peerreview.ping.common.webrtc.fork.screencapture.ScreenCapturerAndroid.onTextureFrameAvailable(i.e601c8974bd234d963dda0cb221b7f21",app/src/main/java/in/co/dipankar/ping/common/webrtc/fork/screencapture/ScreenCapturerAndroid.java,"{""trace"":[{""level"":0,""filename"":""app/src/main/java/in/co/dipankar/ping/common/webrtc/fork/screencapture/ScreenCapturerAndroid.java"",""line_number"":139,""column_number"":-1,""description"":""start of procedure onTextureFrameAvailable(...)"",""node_tags"":[{""tag"":""kind"",""value"":""procedure_start""},{""tag"":""name"",""value"":""void ScreenCapturerAndroid.onTextureFrameAvailable(int,float[],long)""},{""tag"":""name_id"",""value"":""in.peerreview.ping.common.webrtc.fork.screencapture.ScreenCapturerAndroid.onTextureFrameAvailable(i.e601c8974bd234d963dda0cb221b7f21""}]},{""level"":0,""filename"":""app/src/main/java/in/co/dipankar/ping/common/webrtc/fork/screencapture/ScreenCapturerAndroid.java"",""line_number"":140,""column_number"":-1,""description"":"""",""node_tags"":[]},{""level"":0,""filename"":""app/src/main/java/in/co/dipankar/ping/common/webrtc/fork/screencapture/ScreenCapturerAndroid.java"",""line_number"":145,""column_number"":-1,""description"":""Skipping convertMatrixToAndroidGraphicsMatrix(...): unknown method"",""node_tags"":[]},{""level"":0,""filename"":""app/src/main/java/in/co/dipankar/ping/common/webrtc/fork/screencapture/ScreenCapturerAndroid.java"",""line_number"":142,""column_number"":-1,""description"":"""",""node_tags"":[]}]}","439820103","<qualifier_tags><bucket>B1</bucket><line>142</line><accessed_line>145</accessed_line><value>ScreenCapturerAndroid.surfaceTextureHelper</value><nullable_src>ScreenCapturerAndroid.surfaceTextureHelper</nullable_src></qualifier_tags>","1000550780","21","false",""
PROVER,ERROR,THREAD_SAFETY_VIOLATION,"Read/Write race. Non-private method `in.peerreview.ping.common.webrtc.fork.screencapture.ScreenCapturerAndroid.onTextureFrameAvailable` reads without synchronization from `&this.in.peerreview.ping.common.webrtc.fork.screencapture.ScreenCapturerAndroid.capturerObserver`. Potentially races with writes in method `void ScreenCapturerAndroid.initialize(SurfaceTextureHelper,Context,VideoCapturer$CapturerObserver)`.
 Reporting because another access to the same memory occurs on a background thread, although this access may not.",HIGH,147,"void ScreenCapturerAndroid.onTextureFrameAvailable(int,float[],long)","in.peerreview.ping.common.webrtc.fork.screencapture.ScreenCapturerAndroid.onTextureFrameAvailable(i.e601c8974bd234d963dda0cb221b7f21",app/src/main/java/in/co/dipankar/ping/common/webrtc/fork/screencapture/ScreenCapturerAndroid.java,"{""trace"":[{""level"":0,""filename"":""app/src/main/java/in/co/dipankar/ping/common/webrtc/fork/screencapture/ScreenCapturerAndroid.java"",""line_number"":147,""column_number"":-1,""description"":""<Read trace>"",""node_tags"":[]},{""level"":0,""filename"":""app/src/main/java/in/co/dipankar/ping/common/webrtc/fork/screencapture/ScreenCapturerAndroid.java"",""line_number"":147,""column_number"":-1,""description"":""access to `&this.in.peerreview.ping.common.webrtc.fork.screencapture.ScreenCapturerAndroid.capturerObserver`"",""node_tags"":[]},{""level"":0,""filename"":""app/src/main/java/in/co/dipankar/ping/common/webrtc/fork/screencapture/ScreenCapturerAndroid.java"",""line_number"":58,""column_number"":-1,""description"":""<Write trace>"",""node_tags"":[]},{""level"":0,""filename"":""app/src/main/java/in/co/dipankar/ping/common/webrtc/fork/screencapture/ScreenCapturerAndroid.java"",""line_number"":58,""column_number"":-1,""description"":""access to `&this.in.peerreview.ping.common.webrtc.fork.screencapture.ScreenCapturerAndroid.capturerObserver`"",""node_tags"":[]}]}","173877444","<qualifier_tags></qualifier_tags>","240029394","22","false",""
PROVER,ERROR,THREAD_SAFETY_VIOLATION,"Read/Write race. Non-private method `in.peerreview.ping.common.webrtc.fork.screencapture.ScreenCapturerAndroid.onTextureFrameAvailable` reads without synchronization from `&this.in.peerreview.ping.common.webrtc.fork.screencapture.ScreenCapturerAndroid.surfaceTextureHelper`. Potentially races with writes in method `void ScreenCapturerAndroid.initialize(SurfaceTextureHelper,Context,VideoCapturer$CapturerObserver)`.
 Reporting because another access to the same memory occurs on a background thread, although this access may not.",HIGH,142,"void ScreenCapturerAndroid.onTextureFrameAvailable(int,float[],long)","in.peerreview.ping.common.webrtc.fork.screencapture.ScreenCapturerAndroid.onTextureFrameAvailable(i.e601c8974bd234d963dda0cb221b7f21",app/src/main/java/in/co/dipankar/ping/common/webrtc/fork/screencapture/ScreenCapturerAndroid.java,"{""trace"":[{""level"":0,""filename"":""app/src/main/java/in/co/dipankar/ping/common/webrtc/fork/screencapture/ScreenCapturerAndroid.java"",""line_number"":142,""column_number"":-1,""description"":""<Read trace>"",""node_tags"":[]},{""level"":0,""filename"":""app/src/main/java/in/co/dipankar/ping/common/webrtc/fork/screencapture/ScreenCapturerAndroid.java"",""line_number"":142,""column_number"":-1,""description"":""access to `&this.in.peerreview.ping.common.webrtc.fork.screencapture.ScreenCapturerAndroid.surfaceTextureHelper`"",""node_tags"":[]},{""level"":0,""filename"":""app/src/main/java/in/co/dipankar/ping/common/webrtc/fork/screencapture/ScreenCapturerAndroid.java"",""line_number"":62,""column_number"":-1,""description"":""<Write trace>"",""node_tags"":[]},{""level"":0,""filename"":""app/src/main/java/in/co/dipankar/ping/common/webrtc/fork/screencapture/ScreenCapturerAndroid.java"",""line_number"":62,""column_number"":-1,""description"":""access to `&this.in.peerreview.ping.common.webrtc.fork.screencapture.ScreenCapturerAndroid.surfaceTextureHelper`"",""node_tags"":[]}]}","173877444","<qualifier_tags></qualifier_tags>","240029394","23","false",""
PROVER,ERROR,NULL_DEREFERENCE,"object `CameraCapturer$2.this$0.eventsHandler` last accessed on line 146 is indirectly marked @Nullable (source: `CameraCapturer.eventsHandler`) and is dereferenced without a null check at line 146",HIGH,146,"void CameraCapturer$2.onCameraError(CameraSession,String)","in.peerreview.ping.common.webrtc.fork.cameraCapture.CameraCapturer$2.onCameraError(in.co.dipankar.p.6aa345e853fa7226645b14648e9dea67",app/src/main/java/in/co/dipankar/ping/common/webrtc/fork/cameraCapture/CameraCapturer.java,"{""trace"":[{""level"":0,""filename"":""app/src/main/java/in/co/dipankar/ping/common/webrtc/fork/cameraCapture/CameraCapturer.java"",""line_number"":140,""column_number"":-1,""description"":""start of procedure onCameraError(...)"",""node_tags"":[{""tag"":""kind"",""value"":""procedure_start""},{""tag"":""name"",""value"":""void CameraCapturer$2.onCameraError(CameraSession,String)""},{""tag"":""name_id"",""value"":""in.peerreview.ping.common.webrtc.fork.cameraCapture.CameraCapturer$2.onCameraError(in.co.dipankar.p.6aa345e853fa7226645b14648e9dea67""}]},{""level"":0,""filename"":""app/src/main/java/in/co/dipankar/ping/common/webrtc/fork/cameraCapture/CameraCapturer.java"",""line_number"":141,""column_number"":-1,""description"":""Skipping checkIsOnCameraThread(): empty list of specs"",""node_tags"":[]},{""level"":1,""filename"":""app/src/main/java/in/co/dipankar/ping/common/webrtc/fork/cameraCapture/CameraCapturer.java"",""line_number"":554,""column_number"":-1,""description"":""Definition of checkIsOnCameraThread()"",""node_tags"":[]},{""level"":0,""filename"":""app/src/main/java/in/co/dipankar/ping/common/webrtc/fork/cameraCapture/CameraCapturer.java"",""line_number"":142,""column_number"":-1,""description"":"""",""node_tags"":[]},{""level"":0,""filename"":""app/src/main/java/in/co/dipankar/ping/common/webrtc/fork/cameraCapture/CameraCapturer.java"",""line_number"":143,""column_number"":-1,""description"":""Taking false branch"",""node_tags"":[{""tag"":""kind"",""value"":""condition""},{""tag"":""branch"",""value"":""false""}]},{""level"":0,""filename"":""app/src/main/java/in/co/dipankar/ping/common/webrtc/fork/cameraCapture/CameraCapturer.java"",""line_number"":146,""column_number"":-1,""description"":"""",""node_tags"":[]}]}","200655286","<qualifier_tags><bucket>B1</bucket><line>146</line><accessed_line>146</accessed_line><value>CameraCapturer$2.this$0.eventsHandler</value><nullable_src>CameraCapturer.eventsHandler</nullable_src></qualifier_tags>","947844953","24","false",""
PROVER,ERROR,NULL_DEREFERENCE,"object `CameraCapturer$2.this$0.eventsHandler` last accessed on line 158 is indirectly marked @Nullable (source: `CameraCapturer.eventsHandler`) and is dereferenced without a null check at line 158",HIGH,158,"void CameraCapturer$2.onCameraDisconnected(CameraSession)","in.peerreview.ping.common.webrtc.fork.cameraCapture.CameraCapturer$2.onCameraDisconnected(in.co.dip.f3798238ba1a3583250a1506679856de",app/src/main/java/in/co/dipankar/ping/common/webrtc/fork/cameraCapture/CameraCapturer.java,"{""trace"":[{""level"":0,""filename"":""app/src/main/java/in/co/dipankar/ping/common/webrtc/fork/cameraCapture/CameraCapturer.java"",""line_number"":152,""column_number"":-1,""description"":""start of procedure onCameraDisconnected(...)"",""node_tags"":[{""tag"":""kind"",""value"":""procedure_start""},{""tag"":""name"",""value"":""void CameraCapturer$2.onCameraDisconnected(CameraSession)""},{""tag"":""name_id"",""value"":""in.peerreview.ping.common.webrtc.fork.cameraCapture.CameraCapturer$2.onCameraDisconnected(in.co.dip.f3798238ba1a3583250a1506679856de""}]},{""level"":0,""filename"":""app/src/main/java/in/co/dipankar/ping/common/webrtc/fork/cameraCapture/CameraCapturer.java"",""line_number"":153,""column_number"":-1,""description"":""Skipping checkIsOnCameraThread(): empty list of specs"",""node_tags"":[]},{""level"":1,""filename"":""app/src/main/java/in/co/dipankar/ping/common/webrtc/fork/cameraCapture/CameraCapturer.java"",""line_number"":554,""column_number"":-1,""description"":""Definition of checkIsOnCameraThread()"",""node_tags"":[]},{""level"":0,""filename"":""app/src/main/java/in/co/dipankar/ping/common/webrtc/fork/cameraCapture/CameraCapturer.java"",""line_number"":154,""column_number"":-1,""description"":"""",""node_tags"":[]},{""level"":0,""filename"":""app/src/main/java/in/co/dipankar/ping/common/webrtc/fork/cameraCapture/CameraCapturer.java"",""line_number"":155,""column_number"":-1,""description"":""Taking false branch"",""node_tags"":[{""tag"":""kind"",""value"":""condition""},{""tag"":""branch"",""value"":""false""}]},{""level"":0,""filename"":""app/src/main/java/in/co/dipankar/ping/common/webrtc/fork/cameraCapture/CameraCapturer.java"",""line_number"":158,""column_number"":-1,""description"":"""",""node_tags"":[]}]}","457480113","<qualifier_tags><bucket>B1</bucket><line>158</line><accessed_line>158</accessed_line><value>CameraCapturer$2.this$0.eventsHandler</value><nullable_src>CameraCapturer.eventsHandler</nullable_src></qualifier_tags>","1012202664","25","false",""
PROVER,ERROR,QUANDARY_TAINT_ERROR,"Intent(void LoginActivity.onActivityResult(int,int,Intent) at line 163) -> StartComponent(void Activity.startActivity(Intent) at line 206)",HIGH,172,"void LoginActivity.onActivityResult(int,int,Intent)","in.peerreview.ping.activities.login.LoginActivity.onActivityResult(int,int,android.content.Intent):.982303ea9bc3acb865b380b182a1998e",app/src/main/java/in/co/dipankar/ping/activities/login/LoginActivity.java,"{""trace"":[{""level"":0,""filename"":""app/src/main/java/in/co/dipankar/ping/activities/login/LoginActivity.java"",""line_number"":163,""column_number"":-1,""description"":""Return from void LoginActivity.onActivityResult(int,int,Intent)"",""node_tags"":[]},{""level"":0,""filename"":""app/src/main/java/in/co/dipankar/ping/activities/login/LoginActivity.java"",""line_number"":172,""column_number"":-1,""description"":""Call to void LoginActivity.navigateToHomeScreen(IRtcUser)"",""node_tags"":[]},{""level"":0,""filename"":""app/src/main/java/in/co/dipankar/ping/activities/login/LoginActivity.java"",""line_number"":206,""column_number"":-1,""description"":""Call to void Activity.startActivity(Intent)"",""node_tags"":[]}]}","173877444","<qualifier_tags></qualifier_tags>","538574258","26","false",""
PROVER,ERROR,NULL_DEREFERENCE,"object `CameraCapturer$2.this$0.eventsHandler` is indirectly marked @Nullable (source: `CameraCapturer.eventsHandler`) and is dereferenced without a null check at line 171",HIGH,171,"void CameraCapturer$2.onCameraClosed(CameraSession)","in.peerreview.ping.common.webrtc.fork.cameraCapture.CameraCapturer$2.onCameraClosed(in.co.dipankar..36c861bf26510e3dde57d3eb2177e1df",app/src/main/java/in/co/dipankar/ping/common/webrtc/fork/cameraCapture/CameraCapturer.java,"{""trace"":[{""level"":0,""filename"":""app/src/main/java/in/co/dipankar/ping/common/webrtc/fork/cameraCapture/CameraCapturer.java"",""line_number"":164,""column_number"":-1,""description"":""start of procedure onCameraClosed(...)"",""node_tags"":[{""tag"":""kind"",""value"":""procedure_start""},{""tag"":""name"",""value"":""void CameraCapturer$2.onCameraClosed(CameraSession)""},{""tag"":""name_id"",""value"":""in.peerreview.ping.common.webrtc.fork.cameraCapture.CameraCapturer$2.onCameraClosed(in.co.dipankar..36c861bf26510e3dde57d3eb2177e1df""}]},{""level"":0,""filename"":""app/src/main/java/in/co/dipankar/ping/common/webrtc/fork/cameraCapture/CameraCapturer.java"",""line_number"":165,""column_number"":-1,""description"":""Skipping checkIsOnCameraThread(): empty list of specs"",""node_tags"":[]},{""level"":1,""filename"":""app/src/main/java/in/co/dipankar/ping/common/webrtc/fork/cameraCapture/CameraCapturer.java"",""line_number"":554,""column_number"":-1,""description"":""Definition of checkIsOnCameraThread()"",""node_tags"":[]},{""level"":0,""filename"":""app/src/main/java/in/co/dipankar/ping/common/webrtc/fork/cameraCapture/CameraCapturer.java"",""line_number"":166,""column_number"":-1,""description"":"""",""node_tags"":[]},{""level"":0,""filename"":""app/src/main/java/in/co/dipankar/ping/common/webrtc/fork/cameraCapture/CameraCapturer.java"",""line_number"":167,""column_number"":-1,""description"":""Taking false branch"",""node_tags"":[{""tag"":""kind"",""value"":""condition""},{""tag"":""branch"",""value"":""false""}]},{""level"":0,""filename"":""app/src/main/java/in/co/dipankar/ping/common/webrtc/fork/cameraCapture/CameraCapturer.java"",""line_number"":171,""column_number"":-1,""description"":"""",""node_tags"":[]}]}","688673225","<qualifier_tags><bucket>B1</bucket><line>171</line><value>CameraCapturer$2.this$0.eventsHandler</value><nullable_src>CameraCapturer.eventsHandler</nullable_src></qualifier_tags>","400047975","27","false",""
PROVER,ERROR,NULL_DEREFERENCE,"object `CameraCapturer$2.this$0.cameraStatistics` last accessed on line 187 is indirectly marked @Nullable (source: `CameraCapturer.cameraStatistics`) and is dereferenced without a null check at line 187",HIGH,187,"void CameraCapturer$2.onFrameCaptured(CameraSession,VideoFrame)","in.peerreview.ping.common.webrtc.fork.cameraCapture.CameraCapturer$2.onFrameCaptured(in.co.dipankar.cc9d8d72fc7500788336b19404e5d3f2",app/src/main/java/in/co/dipankar/ping/common/webrtc/fork/cameraCapture/CameraCapturer.java,"{""trace"":[{""level"":0,""filename"":""app/src/main/java/in/co/dipankar/ping/common/webrtc/fork/cameraCapture/CameraCapturer.java"",""line_number"":176,""column_number"":-1,""description"":""start of procedure onFrameCaptured(...)"",""node_tags"":[{""tag"":""kind"",""value"":""procedure_start""},{""tag"":""name"",""value"":""void CameraCapturer$2.onFrameCaptured(CameraSession,VideoFrame)""},{""tag"":""name_id"",""value"":""in.peerreview.ping.common.webrtc.fork.cameraCapture.CameraCapturer$2.onFrameCaptured(in.co.dipankar.cc9d8d72fc7500788336b19404e5d3f2""}]},{""level"":0,""filename"":""app/src/main/java/in/co/dipankar/ping/common/webrtc/fork/cameraCapture/CameraCapturer.java"",""line_number"":177,""column_number"":-1,""description"":""Skipping checkIsOnCameraThread(): empty list of specs"",""node_tags"":[]},{""level"":1,""filename"":""app/src/main/java/in/co/dipankar/ping/common/webrtc/fork/cameraCapture/CameraCapturer.java"",""line_number"":554,""column_number"":-1,""description"":""Definition of checkIsOnCameraThread()"",""node_tags"":[]},{""level"":0,""filename"":""app/src/main/java/in/co/dipankar/ping/common/webrtc/fork/cameraCapture/CameraCapturer.java"",""line_number"":178,""column_number"":-1,""description"":"""",""node_tags"":[]},{""level"":0,""filename"":""app/src/main/java/in/co/dipankar/ping/common/webrtc/fork/cameraCapture/CameraCapturer.java"",""line_number"":179,""column_number"":-1,""description"":""Taking false branch"",""node_tags"":[{""tag"":""kind"",""value"":""condition""},{""tag"":""branch"",""value"":""false""}]},{""level"":0,""filename"":""app/src/main/java/in/co/dipankar/ping/common/webrtc/fork/cameraCapture/CameraCapturer.java"",""line_number"":182,""column_number"":-1,""description"":""Taking false branch"",""node_tags"":[{""tag"":""kind"",""value"":""condition""},{""tag"":""branch"",""value"":""false""}]},{""level"":0,""filename"":""app/src/main/java/in/co/dipankar/ping/common/webrtc/fork/cameraCapture/CameraCapturer.java"",""line_number"":187,""column_number"":-1,""description"":"""",""node_tags"":[]}]}","1052680368","<qualifier_tags><bucket>B1</bucket><line>187</line><accessed_line>187</accessed_line><value>CameraCapturer$2.this$0.cameraStatistics</value><nullable_src>CameraCapturer.cameraStatistics</nullable_src></qualifier_tags>","695870929","28","false",""
PROVER,ERROR,NULL_DEREFERENCE,"object `CameraCapturer$2.this$0.eventsHandler` last accessed on line 183 is indirectly marked @Nullable (source: `CameraCapturer.eventsHandler`) and is dereferenced without a null check at line 183",HIGH,183,"void CameraCapturer$2.onFrameCaptured(CameraSession,VideoFrame)","in.peerreview.ping.common.webrtc.fork.cameraCapture.CameraCapturer$2.onFrameCaptured(in.co.dipankar.cc9d8d72fc7500788336b19404e5d3f2",app/src/main/java/in/co/dipankar/ping/common/webrtc/fork/cameraCapture/CameraCapturer.java,"{""trace"":[{""level"":0,""filename"":""app/src/main/java/in/co/dipankar/ping/common/webrtc/fork/cameraCapture/CameraCapturer.java"",""line_number"":176,""column_number"":-1,""description"":""start of procedure onFrameCaptured(...)"",""node_tags"":[{""tag"":""kind"",""value"":""procedure_start""},{""tag"":""name"",""value"":""void CameraCapturer$2.onFrameCaptured(CameraSession,VideoFrame)""},{""tag"":""name_id"",""value"":""in.peerreview.ping.common.webrtc.fork.cameraCapture.CameraCapturer$2.onFrameCaptured(in.co.dipankar.cc9d8d72fc7500788336b19404e5d3f2""}]},{""level"":0,""filename"":""app/src/main/java/in/co/dipankar/ping/common/webrtc/fork/cameraCapture/CameraCapturer.java"",""line_number"":177,""column_number"":-1,""description"":""Skipping checkIsOnCameraThread(): empty list of specs"",""node_tags"":[]},{""level"":1,""filename"":""app/src/main/java/in/co/dipankar/ping/common/webrtc/fork/cameraCapture/CameraCapturer.java"",""line_number"":554,""column_number"":-1,""description"":""Definition of checkIsOnCameraThread()"",""node_tags"":[]},{""level"":0,""filename"":""app/src/main/java/in/co/dipankar/ping/common/webrtc/fork/cameraCapture/CameraCapturer.java"",""line_number"":178,""column_number"":-1,""description"":"""",""node_tags"":[]},{""level"":0,""filename"":""app/src/main/java/in/co/dipankar/ping/common/webrtc/fork/cameraCapture/CameraCapturer.java"",""line_number"":179,""column_number"":-1,""description"":""Taking false branch"",""node_tags"":[{""tag"":""kind"",""value"":""condition""},{""tag"":""branch"",""value"":""false""}]},{""level"":0,""filename"":""app/src/main/java/in/co/dipankar/ping/common/webrtc/fork/cameraCapture/CameraCapturer.java"",""line_number"":182,""column_number"":-1,""description"":""Taking true branch"",""node_tags"":[{""tag"":""kind"",""value"":""condition""},{""tag"":""branch"",""value"":""true""}]},{""level"":0,""filename"":""app/src/main/java/in/co/dipankar/ping/common/webrtc/fork/cameraCapture/CameraCapturer.java"",""line_number"":183,""column_number"":-1,""description"":"""",""node_tags"":[]}]}","1052680368","<qualifier_tags><bucket>B1</bucket><line>183</line><accessed_line>183</accessed_line><value>CameraCapturer$2.this$0.eventsHandler</value><nullable_src>CameraCapturer.eventsHandler</nullable_src></qualifier_tags>","603028349","29","false",""
PROVER,ERROR,NULL_DEREFERENCE,"object `CameraCapturer$3.this$0.eventsHandler` is indirectly marked @Nullable (source: `CameraCapturer.eventsHandler`) and is dereferenced without a null check at line 197",HIGH,197,"void CameraCapturer$3.run()","in.peerreview.ping.common.webrtc.fork.cameraCapture.CameraCapturer$3.run():void.9203c8ebfdc998d14bf3ab8440fb363b",app/src/main/java/in/co/dipankar/ping/common/webrtc/fork/cameraCapture/CameraCapturer.java,"{""trace"":[{""level"":0,""filename"":""app/src/main/java/in/co/dipankar/ping/common/webrtc/fork/cameraCapture/CameraCapturer.java"",""line_number"":196,""column_number"":-1,""description"":""start of procedure run()"",""node_tags"":[{""tag"":""kind"",""value"":""procedure_start""},{""tag"":""name"",""value"":""void CameraCapturer$3.run()""},{""tag"":""name_id"",""value"":""in.peerreview.ping.common.webrtc.fork.cameraCapture.CameraCapturer$3.run():void.9203c8ebfdc998d14bf3ab8440fb363b""}]},{""level"":0,""filename"":""app/src/main/java/in/co/dipankar/ping/common/webrtc/fork/cameraCapture/CameraCapturer.java"",""line_number"":197,""column_number"":-1,""description"":"""",""node_tags"":[]}]}","484794695","<qualifier_tags><bucket>B1</bucket><line>197</line><value>CameraCapturer$3.this$0.eventsHandler</value><nullable_src>CameraCapturer.eventsHandler</nullable_src></qualifier_tags>","513410987","30","false",""
PROVER,ERROR,THREAD_SAFETY_VIOLATION,"Read/Write race. Non-private method `in.peerreview.ping.common.webrtc.fork.cameraCapture.CameraCapturer.startCapture` reads without synchronization from `&this.in.peerreview.ping.common.webrtc.fork.cameraCapture.CameraCapturer.applicationContext`. Potentially races with writes in method `void CameraCapturer.initialize(SurfaceTextureHelper,Context,VideoCapturer$CapturerObserver)`.
 Reporting because this access may occur on a background thread.",HIGH,268,"void CameraCapturer.startCapture(int,int,int)","in.peerreview.ping.common.webrtc.fork.cameraCapture.CameraCapturer.startCapture(int,int,int):void.6aeb969c34b158009e2f40707f8feaa4",app/src/main/java/in/co/dipankar/ping/common/webrtc/fork/cameraCapture/CameraCapturer.java,"{""trace"":[{""level"":0,""filename"":""app/src/main/java/in/co/dipankar/ping/common/webrtc/fork/cameraCapture/CameraCapturer.java"",""line_number"":268,""column_number"":-1,""description"":""<Read trace>"",""node_tags"":[]},{""level"":0,""filename"":""app/src/main/java/in/co/dipankar/ping/common/webrtc/fork/cameraCapture/CameraCapturer.java"",""line_number"":268,""column_number"":-1,""description"":""access to `&this.in.peerreview.ping.common.webrtc.fork.cameraCapture.CameraCapturer.applicationContext`"",""node_tags"":[]},{""level"":0,""filename"":""app/src/main/java/in/co/dipankar/ping/common/webrtc/fork/cameraCapture/CameraCapturer.java"",""line_number"":259,""column_number"":-1,""description"":""<Write trace>"",""node_tags"":[]},{""level"":0,""filename"":""app/src/main/java/in/co/dipankar/ping/common/webrtc/fork/cameraCapture/CameraCapturer.java"",""line_number"":259,""column_number"":-1,""description"":""access to `&this.in.peerreview.ping.common.webrtc.fork.cameraCapture.CameraCapturer.applicationContext`"",""node_tags"":[]}]}","173877444","<qualifier_tags></qualifier_tags>","102726826","31","false",""
PROVER,ERROR,NULL_DEREFERENCE,"object `CameraCapturer.cameraThreadHandler` is annotated with @Nullable and is dereferenced without a null check at line 289",HIGH,289,"void CameraCapturer.createSessionInternal(int,MediaRecorder)","in.peerreview.ping.common.webrtc.fork.cameraCapture.CameraCapturer.createSessionInternal(int,androi.fb43f123d154006ff09ef6ee0f36fe4c",app/src/main/java/in/co/dipankar/ping/common/webrtc/fork/cameraCapture/CameraCapturer.java,"{""trace"":[{""level"":0,""filename"":""app/src/main/java/in/co/dipankar/ping/common/webrtc/fork/cameraCapture/CameraCapturer.java"",""line_number"":287,""column_number"":-1,""description"":""start of procedure createSessionInternal(...)"",""node_tags"":[{""tag"":""kind"",""value"":""procedure_start""},{""tag"":""name"",""value"":""void CameraCapturer.createSessionInternal(int,MediaRecorder)""},{""tag"":""name_id"",""value"":""in.peerreview.ping.common.webrtc.fork.cameraCapture.CameraCapturer.createSessionInternal(int,androi.fb43f123d154006ff09ef6ee0f36fe4c""}]},{""level"":0,""filename"":""app/src/main/java/in/co/dipankar/ping/common/webrtc/fork/cameraCapture/CameraCapturer.java"",""line_number"":288,""column_number"":-1,""description"":""Skipping postDelayed(...): unknown method"",""node_tags"":[]},{""level"":0,""filename"":""app/src/main/java/in/co/dipankar/ping/common/webrtc/fork/cameraCapture/CameraCapturer.java"",""line_number"":289,""column_number"":-1,""description"":"""",""node_tags"":[]},{""level"":1,""filename"":""app/src/main/java/in/co/dipankar/ping/common/webrtc/fork/cameraCapture/CameraCapturer.java"",""line_number"":120,""column_number"":-1,""description"":""start of procedure CameraCapturer$5(...)"",""node_tags"":[{""tag"":""kind"",""value"":""procedure_start""},{""tag"":""name"",""value"":""CameraCapturer$5.<init>(CameraCapturer,MediaRecorder)""},{""tag"":""name_id"",""value"":""in.peerreview.ping.common.webrtc.fork.cameraCapture.CameraCapturer$5.<init>(in.peerreview.ping.com.2b799a3974ca754e4434fe54be90ab25""}]},{""level"":1,""filename"":""app/src/main/java/in/co/dipankar/ping/common/webrtc/fork/cameraCapture/CameraCapturer.java"",""line_number"":290,""column_number"":-1,""description"":""return from a call to CameraCapturer$5.<init>(CameraCapturer,MediaRecorder)"",""node_tags"":[{""tag"":""kind"",""value"":""procedure_end""},{""tag"":""name"",""value"":""CameraCapturer$5.<init>(CameraCapturer,MediaRecorder)""},{""tag"":""name_id"",""value"":""in.peerreview.ping.common.webrtc.fork.cameraCapture.CameraCapturer$5.<init>(in.peerreview.ping.com.2b799a3974ca754e4434fe54be90ab25""}]},{""level"":0,""filename"":""app/src/main/java/in/co/dipankar/ping/common/webrtc/fork/cameraCapture/CameraCapturer.java"",""line_number"":289,""column_number"":-1,""description"":"""",""node_tags"":[]}]}","729810896","<qualifier_tags><bucket>B1</bucket><line>289</line><value>CameraCapturer.cameraThreadHandler</value><nullable_src>CameraCapturer.cameraThreadHandler</nullable_src></qualifier_tags>","628987619","32","false",""
PROVER,ERROR,NULL_DEREFERENCE,"object `CameraCapturer.cameraStatistics` last accessed on line 326 is annotated with @Nullable and is dereferenced without a null check at line 326",HIGH,326,"void CameraCapturer.stopCapture()","in.peerreview.ping.common.webrtc.fork.cameraCapture.CameraCapturer.stopCapture():void.f94b313cbc92207f11c1ac5d62ed1160",app/src/main/java/in/co/dipankar/ping/common/webrtc/fork/cameraCapture/CameraCapturer.java,"{""trace"":[{""level"":0,""filename"":""app/src/main/java/in/co/dipankar/ping/common/webrtc/fork/cameraCapture/CameraCapturer.java"",""line_number"":307,""column_number"":-1,""description"":""start of procedure stopCapture()"",""node_tags"":[{""tag"":""kind"",""value"":""procedure_start""},{""tag"":""name"",""value"":""void CameraCapturer.stopCapture()""},{""tag"":""name_id"",""value"":""in.peerreview.ping.common.webrtc.fork.cameraCapture.CameraCapturer.stopCapture():void.f94b313cbc92207f11c1ac5d62ed1160""}]},{""level"":0,""filename"":""app/src/main/java/in/co/dipankar/ping/common/webrtc/fork/cameraCapture/CameraCapturer.java"",""line_number"":308,""column_number"":-1,""description"":""Skipping d(...): unknown method"",""node_tags"":[]},{""level"":0,""filename"":""app/src/main/java/in/co/dipankar/ping/common/webrtc/fork/cameraCapture/CameraCapturer.java"",""line_number"":309,""column_number"":-1,""description"":"""",""node_tags"":[]},{""level"":0,""filename"":""app/src/main/java/in/co/dipankar/ping/common/webrtc/fork/cameraCapture/CameraCapturer.java"",""line_number"":310,""column_number"":-1,""description"":"""",""node_tags"":[]},{""level"":0,""filename"":""app/src/main/java/in/co/dipankar/ping/common/webrtc/fork/cameraCapture/CameraCapturer.java"",""line_number"":311,""column_number"":-1,""description"":""Taking false branch"",""node_tags"":[{""tag"":""kind"",""value"":""condition""},{""tag"":""branch"",""value"":""false""}]},{""level"":0,""filename"":""app/src/main/java/in/co/dipankar/ping/common/webrtc/fork/cameraCapture/CameraCapturer.java"",""line_number"":324,""column_number"":-1,""description"":""Taking true branch"",""node_tags"":[{""tag"":""kind"",""value"":""condition""},{""tag"":""branch"",""value"":""true""}]},{""level"":0,""filename"":""app/src/main/java/in/co/dipankar/ping/common/webrtc/fork/cameraCapture/CameraCapturer.java"",""line_number"":325,""column_number"":-1,""description"":""Skipping d(...): unknown method"",""node_tags"":[]},{""level"":0,""filename"":""app/src/main/java/in/co/dipankar/ping/common/webrtc/fork/cameraCapture/CameraCapturer.java"",""line_number"":326,""column_number"":-1,""description"":"""",""node_tags"":[]}]}","106227783","<qualifier_tags><bucket>B1</bucket><line>326</line><accessed_line>326</accessed_line><value>CameraCapturer.cameraStatistics</value><nullable_src>CameraCapturer.cameraStatistics</nullable_src></qualifier_tags>","187216366","33","false",""
PROVER,ERROR,NULL_DEREFERENCE,"object `CameraCapturer.cameraThreadHandler` is annotated with @Nullable and is dereferenced without a null check at line 361",HIGH,361,"void CameraCapturer.switchCamera(CameraVideoCapturer$CameraSwitchHandler)","in.peerreview.ping.common.webrtc.fork.cameraCapture.CameraCapturer.switchCamera(org.webrtc.CameraVi.050918d82f60b1bc8006011b5d445a3a",app/src/main/java/in/co/dipankar/ping/common/webrtc/fork/cameraCapture/CameraCapturer.java,"{""trace"":[{""level"":0,""filename"":""app/src/main/java/in/co/dipankar/ping/common/webrtc/fork/cameraCapture/CameraCapturer.java"",""line_number"":360,""column_number"":-1,""description"":""start of procedure switchCamera(...)"",""node_tags"":[{""tag"":""kind"",""value"":""procedure_start""},{""tag"":""name"",""value"":""void CameraCapturer.switchCamera(CameraVideoCapturer$CameraSwitchHandler)""},{""tag"":""name_id"",""value"":""in.peerreview.ping.common.webrtc.fork.cameraCapture.CameraCapturer.switchCamera(org.webrtc.CameraVi.050918d82f60b1bc8006011b5d445a3a""}]},{""level"":0,""filename"":""app/src/main/java/in/co/dipankar/ping/common/webrtc/fork/cameraCapture/CameraCapturer.java"",""line_number"":361,""column_number"":-1,""description"":"""",""node_tags"":[]},{""level"":1,""filename"":""app/src/main/java/in/co/dipankar/ping/common/webrtc/fork/cameraCapture/CameraCapturer.java"",""line_number"":362,""column_number"":-1,""description"":""start of procedure CameraCapturer$7(...)"",""node_tags"":[{""tag"":""kind"",""value"":""procedure_start""},{""tag"":""name"",""value"":""CameraCapturer$7.<init>(CameraCapturer,CameraVideoCapturer$CameraSwitchHandler)""},{""tag"":""name_id"",""value"":""in.peerreview.ping.common.webrtc.fork.cameraCapture.CameraCapturer$7.<init>(in.peerreview.ping.com.14ba0ec429c1c85f2e3fcff484212b8d""}]},{""level"":1,""filename"":""app/src/main/java/in/co/dipankar/ping/common/webrtc/fork/cameraCapture/CameraCapturer.java"",""line_number"":362,""column_number"":-1,""description"":""return from a call to CameraCapturer$7.<init>(CameraCapturer,CameraVideoCapturer$CameraSwitchHandler)"",""node_tags"":[{""tag"":""kind"",""value"":""procedure_end""},{""tag"":""name"",""value"":""CameraCapturer$7.<init>(CameraCapturer,CameraVideoCapturer$CameraSwitchHandler)""},{""tag"":""name_id"",""value"":""in.peerreview.ping.common.webrtc.fork.cameraCapture.CameraCapturer$7.<init>(in.peerreview.ping.com.14ba0ec429c1c85f2e3fcff484212b8d""}]},{""level"":0,""filename"":""app/src/main/java/in/co/dipankar/ping/common/webrtc/fork/cameraCapture/CameraCapturer.java"",""line_number"":361,""column_number"":-1,""description"":"""",""node_tags"":[]}]}","759011635","<qualifier_tags><bucket>B1</bucket><line>361</line><value>CameraCapturer.cameraThreadHandler</value><nullable_src>CameraCapturer.cameraThreadHandler</nullable_src></qualifier_tags>","257308572","34","false",""
PROVER,ERROR,NULL_DEREFERENCE,"object `CameraCapturer.cameraThreadHandler` is annotated with @Nullable and is dereferenced without a null check at line 372",HIGH,372,"void CameraCapturer.addMediaRecorderToCamera(MediaRecorder,CameraVideoCapturer$MediaRecorderHandler)","in.peerreview.ping.common.webrtc.fork.cameraCapture.CameraCapturer.addMediaRecorderToCamera(android.2f46369b66b1f20ed4d7383c9e1c435b",app/src/main/java/in/co/dipankar/ping/common/webrtc/fork/cameraCapture/CameraCapturer.java,"{""trace"":[{""level"":0,""filename"":""app/src/main/java/in/co/dipankar/ping/common/webrtc/fork/cameraCapture/CameraCapturer.java"",""line_number"":371,""column_number"":-1,""description"":""start of procedure addMediaRecorderToCamera(...)"",""node_tags"":[{""tag"":""kind"",""value"":""procedure_start""},{""tag"":""name"",""value"":""void CameraCapturer.addMediaRecorderToCamera(MediaRecorder,CameraVideoCapturer$MediaRecorderHandler)""},{""tag"":""name_id"",""value"":""in.peerreview.ping.common.webrtc.fork.cameraCapture.CameraCapturer.addMediaRecorderToCamera(android.2f46369b66b1f20ed4d7383c9e1c435b""}]},{""level"":0,""filename"":""app/src/main/java/in/co/dipankar/ping/common/webrtc/fork/cameraCapture/CameraCapturer.java"",""line_number"":372,""column_number"":-1,""description"":"""",""node_tags"":[]},{""level"":1,""filename"":""app/src/main/java/in/co/dipankar/ping/common/webrtc/fork/cameraCapture/CameraCapturer.java"",""line_number"":373,""column_number"":-1,""description"":""start of procedure CameraCapturer$8(...)"",""node_tags"":[{""tag"":""kind"",""value"":""procedure_start""},{""tag"":""name"",""value"":""CameraCapturer$8.<init>(CameraCapturer,MediaRecorder,CameraVideoCapturer$MediaRecorderHandler)""},{""tag"":""name_id"",""value"":""in.peerreview.ping.common.webrtc.fork.cameraCapture.CameraCapturer$8.<init>(in.peerreview.ping.com.5a19a953c444d7c707932954ddd6237f""}]},{""level"":1,""filename"":""app/src/main/java/in/co/dipankar/ping/common/webrtc/fork/cameraCapture/CameraCapturer.java"",""line_number"":373,""column_number"":-1,""description"":""return from a call to CameraCapturer$8.<init>(CameraCapturer,MediaRecorder,CameraVideoCapturer$MediaRecorderHandler)"",""node_tags"":[{""tag"":""kind"",""value"":""procedure_end""},{""tag"":""name"",""value"":""CameraCapturer$8.<init>(CameraCapturer,MediaRecorder,CameraVideoCapturer$MediaRecorderHandler)""},{""tag"":""name_id"",""value"":""in.peerreview.ping.common.webrtc.fork.cameraCapture.CameraCapturer$8.<init>(in.peerreview.ping.com.5a19a953c444d7c707932954ddd6237f""}]},{""level"":0,""filename"":""app/src/main/java/in/co/dipankar/ping/common/webrtc/fork/cameraCapture/CameraCapturer.java"",""line_number"":372,""column_number"":-1,""description"":"""",""node_tags"":[]}]}","690706824","<qualifier_tags><bucket>B1</bucket><line>372</line><value>CameraCapturer.cameraThreadHandler</value><nullable_src>CameraCapturer.cameraThreadHandler</nullable_src></qualifier_tags>","949176061","35","false",""
PROVER,ERROR,NULL_DEREFERENCE,"object `CameraCapturer.cameraThreadHandler` is annotated with @Nullable and is dereferenced without a null check at line 383",HIGH,383,"void CameraCapturer.removeMediaRecorderFromCamera(CameraVideoCapturer$MediaRecorderHandler)","in.peerreview.ping.common.webrtc.fork.cameraCapture.CameraCapturer.removeMediaRecorderFromCamera(or.603e1fbec27f7bf310e7bd4001b45ced",app/src/main/java/in/co/dipankar/ping/common/webrtc/fork/cameraCapture/CameraCapturer.java,"{""trace"":[{""level"":0,""filename"":""app/src/main/java/in/co/dipankar/ping/common/webrtc/fork/cameraCapture/CameraCapturer.java"",""line_number"":382,""column_number"":-1,""description"":""start of procedure removeMediaRecorderFromCamera(...)"",""node_tags"":[{""tag"":""kind"",""value"":""procedure_start""},{""tag"":""name"",""value"":""void CameraCapturer.removeMediaRecorderFromCamera(CameraVideoCapturer$MediaRecorderHandler)""},{""tag"":""name_id"",""value"":""in.peerreview.ping.common.webrtc.fork.cameraCapture.CameraCapturer.removeMediaRecorderFromCamera(or.603e1fbec27f7bf310e7bd4001b45ced""}]},{""level"":0,""filename"":""app/src/main/java/in/co/dipankar/ping/common/webrtc/fork/cameraCapture/CameraCapturer.java"",""line_number"":383,""column_number"":-1,""description"":"""",""node_tags"":[]},{""level"":1,""filename"":""app/src/main/java/in/co/dipankar/ping/common/webrtc/fork/cameraCapture/CameraCapturer.java"",""line_number"":384,""column_number"":-1,""description"":""start of procedure CameraCapturer$9(...)"",""node_tags"":[{""tag"":""kind"",""value"":""procedure_start""},{""tag"":""name"",""value"":""CameraCapturer$9.<init>(CameraCapturer,CameraVideoCapturer$MediaRecorderHandler)""},{""tag"":""name_id"",""value"":""in.peerreview.ping.common.webrtc.fork.cameraCapture.CameraCapturer$9.<init>(in.peerreview.ping.com.a31ec93953be2d645d344631cc581f5e""}]},{""level"":1,""filename"":""app/src/main/java/in/co/dipankar/ping/common/webrtc/fork/cameraCapture/CameraCapturer.java"",""line_number"":384,""column_number"":-1,""description"":""return from a call to CameraCapturer$9.<init>(CameraCapturer,CameraVideoCapturer$MediaRecorderHandler)"",""node_tags"":[{""tag"":""kind"",""value"":""procedure_end""},{""tag"":""name"",""value"":""CameraCapturer$9.<init>(CameraCapturer,CameraVideoCapturer$MediaRecorderHandler)""},{""tag"":""name_id"",""value"":""in.peerreview.ping.common.webrtc.fork.cameraCapture.CameraCapturer$9.<init>(in.peerreview.ping.com.a31ec93953be2d645d344631cc581f5e""}]},{""level"":0,""filename"":""app/src/main/java/in/co/dipankar/ping/common/webrtc/fork/cameraCapture/CameraCapturer.java"",""line_number"":383,""column_number"":-1,""description"":"""",""node_tags"":[]}]}","759011635","<qualifier_tags><bucket>B1</bucket><line>383</line><value>CameraCapturer.cameraThreadHandler</value><nullable_src>CameraCapturer.cameraThreadHandler</nullable_src></qualifier_tags>","230765125","36","false",""
PROVER,ERROR,NULL_DEREFERENCE,"object `CameraCapturer.cameraStatistics` last accessed on line 460 is annotated with @Nullable and is dereferenced without a null check at line 460",HIGH,460,"void CameraCapturer.switchCameraInternal(CameraVideoCapturer$CameraSwitchHandler)","in.peerreview.ping.common.webrtc.fork.cameraCapture.CameraCapturer.switchCameraInternal(org.webrtc..ab412087795c6832ddb13d8e98afb92b",app/src/main/java/in/co/dipankar/ping/common/webrtc/fork/cameraCapture/CameraCapturer.java,"{""trace"":[{""level"":0,""filename"":""app/src/main/java/in/co/dipankar/ping/common/webrtc/fork/cameraCapture/CameraCapturer.java"",""line_number"":425,""column_number"":-1,""description"":""start of procedure switchCameraInternal(...)"",""node_tags"":[{""tag"":""kind"",""value"":""procedure_start""},{""tag"":""name"",""value"":""void CameraCapturer.switchCameraInternal(CameraVideoCapturer$CameraSwitchHandler)""},{""tag"":""name_id"",""value"":""in.peerreview.ping.common.webrtc.fork.cameraCapture.CameraCapturer.switchCameraInternal(org.webrtc..ab412087795c6832ddb13d8e98afb92b""}]},{""level"":0,""filename"":""app/src/main/java/in/co/dipankar/ping/common/webrtc/fork/cameraCapture/CameraCapturer.java"",""line_number"":426,""column_number"":-1,""description"":""Skipping d(...): unknown method"",""node_tags"":[]},{""level"":0,""filename"":""app/src/main/java/in/co/dipankar/ping/common/webrtc/fork/cameraCapture/CameraCapturer.java"",""line_number"":427,""column_number"":-1,""description"":""Skipping getDeviceNames(): unknown method"",""node_tags"":[]},{""level"":0,""filename"":""app/src/main/java/in/co/dipankar/ping/common/webrtc/fork/cameraCapture/CameraCapturer.java"",""line_number"":428,""column_number"":-1,""description"":""Taking false branch"",""node_tags"":[{""tag"":""kind"",""value"":""condition""},{""tag"":""branch"",""value"":""false""}]},{""level"":0,""filename"":""app/src/main/java/in/co/dipankar/ping/common/webrtc/fork/cameraCapture/CameraCapturer.java"",""line_number"":434,""column_number"":-1,""description"":"""",""node_tags"":[]},{""level"":0,""filename"":""app/src/main/java/in/co/dipankar/ping/common/webrtc/fork/cameraCapture/CameraCapturer.java"",""line_number"":435,""column_number"":-1,""description"":"""",""node_tags"":[]},{""level"":0,""filename"":""app/src/main/java/in/co/dipankar/ping/common/webrtc/fork/cameraCapture/CameraCapturer.java"",""line_number"":436,""column_number"":-1,""description"":""Taking false branch"",""node_tags"":[{""tag"":""kind"",""value"":""condition""},{""tag"":""branch"",""value"":""false""}]},{""level"":0,""filename"":""app/src/main/java/in/co/dipankar/ping/common/webrtc/fork/cameraCapture/CameraCapturer.java"",""line_number"":441,""column_number"":-1,""description"":""Taking false branch"",""node_tags"":[{""tag"":""kind"",""value"":""condition""},{""tag"":""branch"",""value"":""false""}]},{""level"":0,""filename"":""app/src/main/java/in/co/dipankar/ping/common/webrtc/fork/cameraCapture/CameraCapturer.java"",""line_number"":447,""column_number"":-1,""description"":""Taking true branch"",""node_tags"":[{""tag"":""kind"",""value"":""condition""},{""tag"":""branch"",""value"":""true""}]},{""level"":0,""filename"":""app/src/main/java/in/co/dipankar/ping/common/webrtc/fork/cameraCapture/CameraCapturer.java"",""line_number"":447,""column_number"":-1,""description"":""Taking false branch"",""node_tags"":[{""tag"":""kind"",""value"":""condition""},{""tag"":""branch"",""value"":""false""}]},{""level"":0,""filename"":""app/src/main/java/in/co/dipankar/ping/common/webrtc/fork/cameraCapture/CameraCapturer.java"",""line_number"":452,""column_number"":-1,""description"":"""",""node_tags"":[]},{""level"":0,""filename"":""app/src/main/java/in/co/dipankar/ping/common/webrtc/fork/cameraCapture/CameraCapturer.java"",""line_number"":453,""column_number"":-1,""description"":""Taking false branch"",""node_tags"":[{""tag"":""kind"",""value"":""condition""},{""tag"":""branch"",""value"":""false""}]},{""level"":0,""filename"":""app/src/main/java/in/co/dipankar/ping/common/webrtc/fork/cameraCapture/CameraCapturer.java"",""line_number"":458,""column_number"":-1,""description"":"""",""node_tags"":[]},{""level"":0,""filename"":""app/src/main/java/in/co/dipankar/ping/common/webrtc/fork/cameraCapture/CameraCapturer.java"",""line_number"":459,""column_number"":-1,""description"":""Skipping d(...): unknown method"",""node_tags"":[]},{""level"":0,""filename"":""app/src/main/java/in/co/dipankar/ping/common/webrtc/fork/cameraCapture/CameraCapturer.java"",""line_number"":460,""column_number"":-1,""description"":"""",""node_tags"":[]}]}","106227783","<qualifier_tags><bucket>B1</bucket><line>460</line><accessed_line>460</accessed_line><value>CameraCapturer.cameraStatistics</value><nullable_src>CameraCapturer.cameraStatistics</nullable_src></qualifier_tags>","486276770","37","false",""
PROVER,ERROR,NULL_DEREFERENCE,"object `CameraCapturer.cameraStatistics` last accessed on line 536 is annotated with @Nullable and is dereferenced without a null check at line 536",HIGH,536,"void CameraCapturer.updateMediaRecorderInternal(MediaRecorder,CameraVideoCapturer$MediaRecorderHandler)","in.peerreview.ping.common.webrtc.fork.cameraCapture.CameraCapturer.updateMediaRecorderInternal(andr.045d82a30edf8e2a9c02450a732722cb",app/src/main/java/in/co/dipankar/ping/common/webrtc/fork/cameraCapture/CameraCapturer.java,"{""trace"":[{""level"":0,""filename"":""app/src/main/java/in/co/dipankar/ping/common/webrtc/fork/cameraCapture/CameraCapturer.java"",""line_number"":490,""column_number"":-1,""description"":""start of procedure updateMediaRecorderInternal(...)"",""node_tags"":[{""tag"":""kind"",""value"":""procedure_start""},{""tag"":""name"",""value"":""void CameraCapturer.updateMediaRecorderInternal(MediaRecorder,CameraVideoCapturer$MediaRecorderHandler)""},{""tag"":""name_id"",""value"":""in.peerreview.ping.common.webrtc.fork.cameraCapture.CameraCapturer.updateMediaRecorderInternal(andr.045d82a30edf8e2a9c02450a732722cb""}]},{""level"":0,""filename"":""app/src/main/java/in/co/dipankar/ping/common/webrtc/fork/cameraCapture/CameraCapturer.java"",""line_number"":492,""column_number"":-1,""description"":""Skipping checkIsOnCameraThread(): empty list of specs"",""node_tags"":[]},{""level"":1,""filename"":""app/src/main/java/in/co/dipankar/ping/common/webrtc/fork/cameraCapture/CameraCapturer.java"",""line_number"":554,""column_number"":-1,""description"":""Definition of checkIsOnCameraThread()"",""node_tags"":[]},{""level"":0,""filename"":""app/src/main/java/in/co/dipankar/ping/common/webrtc/fork/cameraCapture/CameraCapturer.java"",""line_number"":493,""column_number"":-1,""description"":""Taking false branch"",""node_tags"":[{""tag"":""kind"",""value"":""condition""},{""tag"":""branch"",""value"":""false""}]},{""level"":0,""filename"":""app/src/main/java/in/co/dipankar/ping/common/webrtc/fork/cameraCapture/CameraCapturer.java"",""line_number"":494,""column_number"":-1,""description"":""Skipping d(...): unknown method"",""node_tags"":[]},{""level"":0,""filename"":""app/src/main/java/in/co/dipankar/ping/common/webrtc/fork/cameraCapture/CameraCapturer.java"",""line_number"":502,""column_number"":-1,""description"":"""",""node_tags"":[]},{""level"":0,""filename"":""app/src/main/java/in/co/dipankar/ping/common/webrtc/fork/cameraCapture/CameraCapturer.java"",""line_number"":503,""column_number"":-1,""description"":"""",""node_tags"":[]},{""level"":0,""filename"":""app/src/main/java/in/co/dipankar/ping/common/webrtc/fork/cameraCapture/CameraCapturer.java"",""line_number"":504,""column_number"":-1,""description"":""Taking false branch"",""node_tags"":[{""tag"":""kind"",""value"":""condition""},{""tag"":""branch"",""value"":""false""}]},{""level"":0,""filename"":""app/src/main/java/in/co/dipankar/ping/common/webrtc/fork/cameraCapture/CameraCapturer.java"",""line_number"":504,""column_number"":-1,""description"":""Taking true branch"",""node_tags"":[{""tag"":""kind"",""value"":""condition""},{""tag"":""branch"",""value"":""true""}]},{""level"":0,""filename"":""app/src/main/java/in/co/dipankar/ping/common/webrtc/fork/cameraCapture/CameraCapturer.java"",""line_number"":504,""column_number"":-1,""description"":""Taking false branch"",""node_tags"":[{""tag"":""kind"",""value"":""condition""},{""tag"":""branch"",""value"":""false""}]},{""level"":0,""filename"":""app/src/main/java/in/co/dipankar/ping/common/webrtc/fork/cameraCapture/CameraCapturer.java"",""line_number"":512,""column_number"":-1,""description"":""Taking false branch"",""node_tags"":[{""tag"":""kind"",""value"":""condition""},{""tag"":""branch"",""value"":""false""}]},{""level"":0,""filename"":""app/src/main/java/in/co/dipankar/ping/common/webrtc/fork/cameraCapture/CameraCapturer.java"",""line_number"":518,""column_number"":-1,""description"":""Taking false branch"",""node_tags"":[{""tag"":""kind"",""value"":""condition""},{""tag"":""branch"",""value"":""false""}]},{""level"":0,""filename"":""app/src/main/java/in/co/dipankar/ping/common/webrtc/fork/cameraCapture/CameraCapturer.java"",""line_number"":524,""column_number"":-1,""description"":""Taking false branch"",""node_tags"":[{""tag"":""kind"",""value"":""condition""},{""tag"":""branch"",""value"":""false""}]},{""level"":0,""filename"":""app/src/main/java/in/co/dipankar/ping/common/webrtc/fork/cameraCapture/CameraCapturer.java"",""line_number"":530,""column_number"":-1,""description"":"""",""node_tags"":[]},{""level"":0,""filename"":""app/src/main/java/in/co/dipankar/ping/common/webrtc/fork/cameraCapture/CameraCapturer.java"",""line_number"":531,""column_number"":-1,""description"":""Taking false branch"",""node_tags"":[{""tag"":""kind"",""value"":""condition""},{""tag"":""branch"",""value"":""false""}]},{""level"":0,""filename"":""app/src/main/java/in/co/dipankar/ping/common/webrtc/fork/cameraCapture/CameraCapturer.java"",""line_number"":535,""column_number"":-1,""description"":""Skipping d(...): unknown method"",""node_tags"":[]},{""level"":0,""filename"":""app/src/main/java/in/co/dipankar/ping/common/webrtc/fork/cameraCapture/CameraCapturer.java"",""line_number"":536,""column_number"":-1,""description"":"""",""node_tags"":[]}]}","106227783","<qualifier_tags><bucket>B1</bucket><line>536</line><accessed_line>536</accessed_line><value>CameraCapturer.cameraStatistics</value><nullable_src>CameraCapturer.cameraStatistics</nullable_src></qualifier_tags>","1042921933","38","false",""
PROVER,ERROR,NULL_DEREFERENCE,"object `CameraCapturer.cameraThreadHandler` last accessed on line 555 is annotated with @Nullable and is dereferenced without a null check at line 555",HIGH,555,"void CameraCapturer.checkIsOnCameraThread()","in.peerreview.ping.common.webrtc.fork.cameraCapture.CameraCapturer.checkIsOnCameraThread():void.0d87ea63da032897a5c251d2754e6d8f",app/src/main/java/in/co/dipankar/ping/common/webrtc/fork/cameraCapture/CameraCapturer.java,"{""trace"":[{""level"":0,""filename"":""app/src/main/java/in/co/dipankar/ping/common/webrtc/fork/cameraCapture/CameraCapturer.java"",""line_number"":554,""column_number"":-1,""description"":""start of procedure checkIsOnCameraThread()"",""node_tags"":[{""tag"":""kind"",""value"":""procedure_start""},{""tag"":""name"",""value"":""void CameraCapturer.checkIsOnCameraThread()""},{""tag"":""name_id"",""value"":""in.peerreview.ping.common.webrtc.fork.cameraCapture.CameraCapturer.checkIsOnCameraThread():void.0d87ea63da032897a5c251d2754e6d8f""}]},{""level"":0,""filename"":""app/src/main/java/in/co/dipankar/ping/common/webrtc/fork/cameraCapture/CameraCapturer.java"",""line_number"":555,""column_number"":-1,""description"":"""",""node_tags"":[]}]}","61324895","<qualifier_tags><bucket>B1</bucket><line>555</line><accessed_line>555</accessed_line><value>CameraCapturer.cameraThreadHandler</value><nullable_src>CameraCapturer.cameraThreadHandler</nullable_src></qualifier_tags>","512283887","39","false",""
